fdc_id,description,Energy,gram_weight,Biotin,"Boron, B","Calcium, Ca","Carbohydrate, Total",Cholesterol,"Choline, total","Cobalt, Co","Copper, Cu","Fatty acids, total monounsaturated","Fatty acids, total polyunsaturated","Fatty acids, total saturated","Fatty acids, total trans","Fiber, insoluble","Fiber, soluble","Fiber, total dietary","Folate, total","Iodine, I","Iron, Fe","Magnesium, Mg","Manganese, Mn","Molybdenum, Mo",Niacin,"Nickel, Ni",Pantothenic acid,"Phosphorus, P","Potassium, K",Protein,Riboflavin,"Selenium, Se","Sodium, Na",Starch,"Sugars, Total","Sulfur, S",Thiamin,Total lipid (fat),"Vitamin A, RAE",Vitamin B-12,Vitamin B-6,"Vitamin C, total ascorbic acid",Vitamin D (D2 + D3),Vitamin E,Vitamin K (Dihydrophylloquinone),Vitamin K (Menaquinone-4),Vitamin K (phylloquinone),"Zinc, Zn"
321358,"Hummus, commercial",243.0,33.9,0.0,0.0,41.0,13.9,0.0,46.6,0.0,0.348,6.37,7.48,2.22,0.018,0.0,0.0,5.4,36.0,0.0,2.41,71.1,1.06,0.0,0.948,0.0,0.318,166.0,289.0,7.35,0.115,16.2,438.0,8.12,0.34,0.0,0.15,17.1,1.0,0.0,0.143,0.0,0.0,1.74,0.0,0.0,17.2,1.38
321360,"Tomatoes, grape, raw",31.0,49.7,0.0,0.0,11.0,5.51,0.0,9.8,0.0,0.058,0.0,0.0,0.0,0.0,0.0,0.0,2.1,10.0,0.0,0.33,11.9,0.121,0.0,0.805,0.0,0.0,28.0,260.0,0.83,0.065,0.0,6.0,0.0,0.0,0.0,0.075,0.63,0.0,0.0,0.06,27.2,0.0,0.98,0.0,0.0,4.2,0.2
321611,"Beans, snap, green, canned, regular pack, drained solids",24.0,129.0,0.0,0.0,36.0,4.11,0.0,0.0,0.0,0.041,0.0,0.0,0.0,0.0,0.0,0.0,0.0,0.0,0.0,0.78,12.7,0.176,0.0,0.0,0.0,0.0,23.0,97.0,1.04,0.0,0.0,282.0,0.0,1.29,0.0,0.0,0.39,0.0,0.0,0.0,0.0,0.0,0.0,0.0,0.0,0.0,0.19
323121,"Frankfurter, beef, unheated",310.0,48.6,0.0,0.0,15.0,2.89,0.0,0.0,0.0,0.046,12.1,0.954,11.4,1.59,0.0,0.0,0.0,0.0,0.0,1.14,11.5,0.031,0.0,2.25,0.0,0.263,128.0,343.0,11.7,0.154,0.0,872.0,0.0,1.26,0.0,0.033,28.0,3.0,0.97,0.13,0.0,0.0,0.51,0.0,0.0,0.0,2.06
323294,"Nuts, almonds, dry roasted, with salt added",667.0,135.0,0.0,0.0,273.0,16.2,0.0,60.8,0.0,0.87,34.2,14.5,4.56,0.032,0.0,0.0,11.0,35.0,0.0,3.17,258.0,2.02,0.0,3.1,0.0,0.237,456.0,684.0,20.4,1.57,0.0,256.0,0.0,4.17,0.0,0.079,57.8,2.0,0.0,0.075,0.0,0.0,19.0,0.0,0.0,0.0,2.8
323505,"Kale, raw",43.0,20.6,0.0,0.0,254.0,4.42,0.0,0.0,0.0,0.053,0.0,0.0,0.0,0.0,0.0,0.0,4.1,62.0,0.0,1.6,32.7,0.92,0.0,1.18,0.0,0.37,55.0,348.0,2.92,0.347,0.0,53.0,0.0,0.8,0.0,0.113,1.49,241.0,0.0,0.147,93.4,0.0,0.66,0.0,0.0,390.0,0.39
323604,"Egg, whole, raw, frozen, pasteurized",146.0,28.4,0.0,0.0,55.0,0.91,420.0,0.0,0.0,0.0,0.0,0.0,0.0,0.0,0.0,0.0,0.0,0.0,61.6,1.77,11.2,0.0,0.0,0.0,0.0,0.0,189.0,117.0,12.3,0.0,0.0,121.0,0.0,0.0,0.0,0.0,10.3,0.0,0.0,0.0,0.0,2.3,0.0,0.0,0.0,0.0,1.2
323697,"Egg, white, raw, frozen, pasteurized",45.0,28.4,0.0,0.0,9.0,0.74,3.0,0.0,0.0,0.0,0.0,0.0,0.0,0.0,0.0,0.0,0.0,0.0,0.0,0.18,10.6,0.0,0.0,0.0,0.0,0.0,0.0,130.0,10.1,0.0,0.0,144.0,0.0,0.0,0.0,0.0,0.16,0.0,0.0,0.0,0.0,0.0,0.0,0.0,0.0,0.0,0.02
323793,"Egg, white, dried",350.0,7.0,0.0,0.0,104.0,6.02,17.0,0.0,0.0,0.0,0.0,0.0,0.0,0.0,0.0,0.0,0.0,0.0,34.0,0.0,87.6,0.0,0.0,0.0,0.0,0.0,107.0,959.0,79.9,0.0,0.0,1250.0,0.0,0.0,0.0,0.0,0.65,0.0,0.0,0.0,0.0,0.0,0.0,0.0,0.0,0.0,0.43
324317,"Onion rings, breaded, par fried, frozen, prepared, heated in oven",293.0,20.2,0.0,0.0,28.0,34.0,0.0,10.7,0.0,0.081,2.87,7.58,2.15,0.041,0.0,0.0,2.4,31.0,0.0,1.14,20.4,0.435,0.0,1.57,0.0,0.302,75.0,135.0,4.52,0.116,5.6,374.0,27.2,4.5,0.0,0.196,14.4,0.0,0.0,0.127,1.6,0.0,0.57,0.0,0.0,0.0,0.59
324653,"Pickles, cucumber, dill or kosher dill",14.0,40.4,0.0,0.0,54.0,1.99,0.0,0.0,0.0,0.026,0.0,0.0,0.0,0.0,0.0,0.0,1.0,8.0,0.0,0.23,7.1,0.056,0.0,0.109,0.0,0.2,16.0,112.0,0.48,0.057,0.0,808.0,0.0,1.28,0.0,0.047,0.43,4.0,0.0,0.034,2.1,0.0,0.12,0.0,0.0,16.8,0.11
324860,"Peanut butter, smooth style, with salt",639.0,32.0,0.0,0.0,49.0,19.0,0.0,0.0,0.0,0.42,25.4,12.3,10.1,0.06,0.0,0.0,4.8,86.0,0.0,1.73,169.0,1.68,0.0,13.3,0.0,1.11,339.0,564.0,22.5,0.191,4.1,429.0,3.63,10.5,0.0,0.138,51.1,0.0,0.0,0.444,0.0,0.0,9.11,0.0,0.0,0.0,2.54
325036,"Cheese, parmesan, grated",420.0,7.6,0.0,0.0,884.0,12.4,87.0,14.1,0.0,0.04,6.4,1.2,15.5,0.896,0.0,0.0,0.0,6.0,0.0,0.45,34.9,0.066,0.0,0.078,0.0,0.457,634.0,184.0,29.6,0.345,35.0,1750.0,0.0,0.07,0.0,0.027,28.0,228.0,1.35,0.081,0.0,0.0,0.51,0.0,7.1,1.7,4.33
325198,"Cheese, pasteurized process, American, vitamin D fortified",368.0,20.6,0.0,0.0,866.0,5.27,98.0,19.2,0.0,0.046,7.3,1.09,18.1,1.15,0.0,0.0,0.0,0.0,0.0,0.48,25.1,0.038,0.0,0.095,0.0,0.415,540.0,149.0,18.0,0.247,20.4,1660.0,0.0,2.63,0.0,0.015,30.6,300.0,1.45,0.056,0.0,7.5,0.79,0.0,10.3,3.2,2.42
325287,"Grapefruit juice, white, canned or bottled, unsweetened",39.0,257.0,0.0,0.0,16.0,7.59,0.0,0.0,0.0,0.032,0.0,0.0,0.0,0.0,0.0,0.0,0.2,12.0,0.0,0.07,9.6,0.02,0.0,0.253,0.0,0.28,17.0,141.0,0.55,0.02,0.0,1.0,0.0,7.72,0.0,0.062,0.7,0.0,0.0,0.0,39.4,0.0,0.22,0.0,0.0,0.0,0.04
325430,"Peaches, yellow, raw",46.0,147.0,0.0,0.0,4.0,9.87,0.0,0.0,0.0,0.078,0.0,0.0,0.0,0.0,0.9,0.6,1.5,6.0,0.0,0.34,8.0,0.026,0.0,0.806,0.0,0.153,22.0,122.0,0.91,0.031,2.1,13.0,0.0,8.39,0.0,0.024,0.27,24.0,0.0,0.025,4.1,0.0,0.0,0.0,0.0,3.0,0.23
325524,"Seeds, sunflower seed kernels, dry roasted, with salt added",657.0,127.0,0.0,0.0,78.0,14.9,0.0,52.0,0.0,1.83,33.4,13.0,5.36,0.297,0.0,0.0,10.3,169.0,0.0,5.21,358.0,2.89,0.0,6.96,0.0,0.84,750.0,689.0,21.0,0.507,80.4,532.0,1.5,3.14,0.0,0.473,56.1,1.0,0.0,0.76,0.0,0.0,19.6,1.4,0.0,1.2,6.0
325871,"Bread, white, commercially prepared",267.0,27.3,0.0,0.0,211.0,44.8,0.0,0.0,0.0,0.124,0.717,1.87,0.821,0.035,0.0,0.0,2.3,0.0,0.0,3.36,26.9,0.632,0.0,4.76,0.0,0.548,113.0,117.0,9.43,0.24,23.2,477.0,37.2,5.34,0.0,0.507,3.59,0.0,0.0,0.092,0.0,0.0,0.0,0.0,0.0,0.0,0.88
326196,"Kale, frozen, cooked, boiled, drained, without salt",44.0,118.0,0.0,0.0,150.0,5.3,0.0,0.0,0.0,0.067,0.0,0.0,0.0,0.0,0.0,0.0,0.0,65.0,0.0,0.84,25.0,0.542,0.0,0.457,0.0,0.17,42.0,144.0,2.94,0.14,0.0,16.0,0.0,1.12,0.0,0.063,1.21,146.0,0.0,0.063,17.8,0.0,1.61,0.0,0.0,418.0,0.27
326698,"Mustard, prepared, yellow",69.0,6.0,0.0,0.0,63.0,6.39,0.0,0.0,0.0,0.074,2.59,0.903,0.252,0.01,0.0,0.0,4.3,7.0,0.0,1.59,47.7,0.42,0.0,0.561,0.0,0.263,108.0,150.0,4.25,0.066,34.0,1100.0,0.65,1.42,0.0,0.189,3.38,4.0,0.0,0.069,0.4,0.0,0.35,0.0,0.0,1.5,0.64
327357,"Nectarines, raw",43.0,129.0,0.0,0.0,2.0,9.42,0.0,0.0,0.0,0.082,0.0,0.0,0.0,0.0,0.9,0.6,1.5,6.0,0.0,0.3,8.8,0.047,0.0,1.12,0.0,0.185,26.0,131.0,1.06,0.027,0.0,13.0,0.07,7.89,0.0,0.034,0.28,21.0,0.0,0.025,2.9,0.0,0.61,0.0,0.0,2.0,0.21
327501,"Oranges, raw, navels (Includes foods for USDA's Food Distribution Program)",47.0,140.0,0.0,0.0,43.0,10.6,0.0,0.0,0.0,0.064,0.0,0.0,0.0,0.0,1.8,0.2,2.0,25.0,0.0,0.33,10.7,0.029,0.0,0.425,0.0,0.261,23.0,166.0,0.91,0.051,0.0,9.0,0.0,8.57,0.0,0.068,0.15,0.0,0.0,0.079,59.1,0.0,0.0,0.0,0.0,0.0,0.11
328637,"Cheese, cheddar",409.0,17.0,0.0,0.0,707.0,2.44,100.0,0.0,0.0,0.033,7.44,1.18,19.2,1.14,0.0,0.0,0.0,21.0,0.0,0.16,26.8,0.026,0.0,0.052,0.0,0.413,458.0,77.0,23.3,0.441,28.3,654.0,0.0,0.33,0.0,0.029,34.0,316.0,1.06,0.069,0.0,0.0,0.75,0.0,9.3,2.4,3.67
328841,"Cheese, cottage, lowfat, 2% milkfat",82.0,220.0,0.0,0.0,103.0,4.31,12.0,0.0,0.0,0.03,0.469,0.072,1.26,0.069,0.0,0.0,0.0,10.0,0.0,0.13,8.9,0.015,0.0,0.09,0.0,0.508,148.0,120.0,11.0,0.234,14.6,321.0,0.0,4.1,0.0,0.02,2.3,69.0,0.42,0.057,0.0,0.0,0.08,0.0,0.0,0.0,0.61
329370,"Cheese, mozzarella, low moisture, part-skim",296.0,86.2,0.0,0.0,693.0,4.44,65.0,13.5,0.0,0.035,4.65,0.744,11.7,0.705,0.0,0.0,0.0,26.0,0.0,0.2,27.2,0.035,0.0,0.101,0.0,0.415,533.0,116.0,23.7,0.36,26.7,699.0,0.0,1.81,0.0,0.023,20.4,203.0,1.65,0.09,0.0,0.0,0.51,0.0,5.4,1.3,3.62
329490,"Egg, whole, dried",558.0,5.0,0.0,0.0,220.0,1.87,1700.0,0.0,0.0,0.0,0.0,0.0,0.0,0.0,0.0,0.0,0.0,0.0,274.0,6.97,44.6,0.0,0.0,0.0,0.0,0.0,770.0,468.0,48.1,0.0,0.0,485.0,0.0,0.0,0.0,0.0,39.8,0.0,0.0,0.0,0.0,9.7,0.0,0.0,0.0,0.0,5.02
329596,"Egg, yolk, raw, frozen, pasteurized",291.0,28.4,0.0,0.0,119.0,0.59,1000.0,0.0,0.0,0.0,0.0,0.0,0.0,0.0,0.0,0.0,0.0,0.0,177.0,4.13,11.2,0.068,0.0,0.0,0.0,0.0,443.0,102.0,15.6,0.0,0.0,66.0,0.0,0.0,0.0,0.0,25.1,0.0,0.0,0.0,0.0,5.8,0.0,0.0,0.0,0.0,2.93
329716,"Egg, yolk, dried",641.0,4.0,0.0,0.0,270.0,1.07,2340.0,0.0,0.0,0.0,0.0,0.0,0.0,0.0,0.0,0.0,0.0,0.0,349.0,9.28,26.0,0.0,0.0,0.0,0.0,0.0,982.0,231.0,34.2,0.0,0.0,149.0,0.0,0.0,0.0,0.0,55.5,0.0,0.0,0.0,0.0,15.7,0.0,0.0,0.0,0.0,7.11
330137,"Yogurt, Greek, plain, nonfat",59.0,156.0,0.0,0.0,111.0,3.64,5.0,15.1,0.0,0.017,0.043,0.011,0.108,0.005,0.0,0.0,0.0,0.0,0.0,0.07,10.7,0.009,0.0,0.211,0.0,0.332,136.0,141.0,10.3,0.281,9.9,36.0,0.0,3.27,0.0,0.022,0.37,1.0,0.7,0.064,0.0,0.0,0.01,0.0,0.0,0.0,0.53
330415,"Yogurt, Greek, strawberry, nonfat",82.0,150.0,0.0,0.0,97.0,12.0,4.0,0.0,0.0,0.02,0.029,0.021,0.103,0.002,0.0,0.0,0.6,20.0,0.0,0.09,10.4,0.034,0.0,0.208,0.0,0.363,113.0,133.0,8.06,0.25,9.8,32.0,0.0,11.5,0.0,0.0,0.15,0.0,0.45,0.05,0.2,1.0,0.0,0.0,0.0,0.0,0.46
330458,"Oil, coconut",895.0,11.6,0.0,0.0,1.0,0.84,0.0,0.0,0.0,0.0,6.31,1.7,82.5,0.028,0.0,0.0,0.0,0.0,0.0,0.05,0.0,0.0,0.0,0.0,0.0,0.0,0.0,0.0,0.0,0.0,0.0,0.0,0.0,0.0,0.0,0.0,99.1,0.0,0.0,0.0,0.0,0.0,0.11,0.0,0.0,0.6,0.02
331897,"Chicken, broilers or fryers, drumstick, meat only, cooked, braised",149.0,94.7,0.0,0.0,12.0,0.0,127.0,0.0,0.0,0.063,2.35,1.24,1.6,0.03,0.0,0.0,0.0,0.0,0.0,0.94,22.4,0.018,0.0,5.05,0.0,1.1,184.0,239.0,23.9,0.18,27.9,117.0,0.0,0.0,0.0,0.088,5.95,7.0,0.41,0.372,0.0,0.1,0.17,0.0,0.0,0.0,2.54
331960,"Chicken, broiler or fryers, breast, skinless, boneless, meat only, cooked, braised",158.0,174.0,0.0,0.0,6.0,0.0,116.0,0.0,0.0,0.044,1.26,0.766,1.01,0.013,0.0,0.0,0.0,0.0,0.0,0.49,32.0,0.012,0.0,9.45,0.0,1.58,241.0,343.0,32.1,0.187,31.9,47.0,0.0,0.0,0.0,0.098,3.24,0.0,0.2,0.921,0.0,0.0,0.33,0.0,0.0,0.0,0.96
332282,"Sauce, pasta, spaghetti/marinara, ready-to-serve",51.0,135.0,0.0,0.0,27.0,7.31,0.0,0.0,0.0,0.081,0.376,0.504,0.17,0.005,0.0,0.0,1.8,0.0,0.0,0.78,18.5,0.137,0.0,0.0,0.0,0.0,34.0,319.0,1.41,0.0,0.0,419.0,0.0,5.5,0.0,0.0,1.48,32.0,0.0,0.0,0.0,0.0,0.0,0.0,0.0,0.0,0.2
332397,"Ham, sliced, pre-packaged, deli meat (96%fat free, water added)",101.0,13.5,0.0,0.0,5.0,0.27,0.0,0.0,0.0,0.05,1.47,0.544,1.12,0.01,0.0,0.0,0.0,0.0,0.0,0.58,18.8,0.0,0.0,0.0,0.0,0.0,261.0,425.0,16.7,0.0,0.0,1040.0,0.0,0.0,0.0,0.0,3.73,0.0,0.0,0.0,0.0,0.0,0.0,0.0,0.0,0.0,1.52
332597,"Pears, raw, bartlett (Includes foods for USDA's Food Distribution Program)",57.0,140.0,0.0,0.0,8.0,15.1,0.0,0.0,0.0,0.07,0.0,0.0,0.0,0.0,2.8,0.3,3.1,6.0,0.0,0.17,5.7,0.032,0.0,0.164,0.0,0.042,10.0,87.0,0.38,0.026,0.2,7.0,0.0,9.69,0.0,0.012,0.16,1.0,0.0,0.026,4.4,0.0,0.0,0.0,0.0,3.8,0.07
332791,"Olives, green, Manzanilla, stuffed with pimiento",141.0,3.2,0.0,0.0,121.0,4.32,0.0,1.6,0.0,0.107,8.86,0.661,2.3,0.0,0.0,0.0,4.0,0.0,0.0,0.31,12.4,0.047,0.0,0.103,0.0,0.0,7.0,43.0,1.15,0.0,0.0,1620.0,0.33,0.0,0.0,0.041,12.9,25.0,0.0,0.0,0.0,0.0,3.78,0.0,0.0,16.6,0.09
333008,"Cookies, oatmeal, soft, with raisins",430.0,27.0,0.0,0.0,29.0,67.9,0.0,0.0,0.0,0.141,4.0,4.89,4.78,0.04,0.0,0.0,3.3,34.0,0.0,2.28,32.4,0.755,0.0,2.11,0.0,0.4,111.0,245.0,5.79,0.218,6.0,314.0,29.8,34.8,0.0,0.295,14.3,0.0,0.0,0.07,0.0,0.0,2.69,0.0,0.0,17.1,0.62
333281,"Tomatoes, canned, red, ripe, diced",21.0,245.0,0.0,0.0,30.0,3.32,0.0,0.0,0.0,0.052,0.0,0.0,0.0,0.0,0.0,0.0,0.0,0.0,0.0,0.57,9.8,0.068,0.0,0.0,0.0,0.0,18.0,198.0,0.84,0.0,0.0,125.0,0.0,2.99,0.0,0.0,0.5,0.0,0.0,0.0,0.0,0.0,0.0,0.0,0.0,0.0,0.12
333374,"Fish, haddock, raw",69.0,176.0,0.0,0.0,11.0,0.0,54.0,0.0,0.0,0.021,0.057,0.163,0.093,0.004,0.0,0.0,0.0,0.0,0.0,0.17,21.1,0.011,0.0,3.36,0.0,0.403,227.0,286.0,16.3,0.057,25.9,213.0,0.0,0.0,0.0,0.02,0.45,0.0,1.83,0.281,0.0,0.5,0.45,0.0,0.0,0.0,0.32
333476,"Fish, pollock, raw",53.0,177.0,0.0,0.0,15.0,0.0,46.0,0.0,0.0,0.031,0.073,0.182,0.128,0.016,0.0,0.0,0.0,0.0,0.0,0.22,16.1,0.011,0.0,0.653,0.0,0.237,284.0,160.0,12.3,0.08,15.9,333.0,0.0,0.0,0.0,0.03,0.41,3.0,1.63,0.069,0.0,0.2,0.49,0.0,0.0,0.0,0.31
334194,"Fish, tuna, light, canned in water, drained solids",85.0,107.0,0.0,0.0,18.0,0.08,36.0,0.0,0.0,0.048,0.114,0.259,0.224,0.002,0.0,0.0,0.0,0.0,0.0,1.67,22.7,0.019,0.0,9.92,0.0,0.148,137.0,176.0,19.0,0.082,67.8,219.0,0.0,0.0,0.0,0.03,0.94,0.0,2.57,0.32,0.0,1.2,0.0,0.0,0.0,0.0,0.66
334536,"Restaurant, Chinese, fried rice, without meat",174.0,133.0,0.0,0.0,11.0,32.5,0.0,5.5,0.0,0.086,0.588,1.13,0.493,0.009,0.0,0.0,0.0,0.0,0.0,0.46,9.7,0.428,0.0,0.0,0.0,0.0,44.0,69.0,3.84,0.0,0.0,361.0,0.0,0.62,0.0,0.0,3.19,22.0,0.0,0.0,0.0,0.0,0.0,0.0,0.0,0.0,0.69
334628,"Restaurant, Latino, tamale, pork",174.0,142.0,0.0,0.0,75.0,15.4,20.0,0.0,0.0,0.05,3.2,2.03,2.69,0.058,0.0,0.0,2.4,0.0,0.0,0.87,26.2,0.186,0.0,1.29,0.0,0.365,120.0,152.0,7.38,0.05,9.8,473.0,12.5,0.46,0.0,0.04,9.04,12.0,0.12,0.132,0.0,0.0,0.53,0.0,2.8,5.1,1.2
334720,"Restaurant, Latino, pupusas con frijoles (pupusas, bean)",229.0,126.0,0.0,0.0,51.0,30.7,0.0,39.6,0.0,0.141,2.95,2.88,2.19,0.057,0.0,0.0,5.8,0.0,0.0,1.46,53.6,0.344,0.0,0.867,0.0,0.303,144.0,305.0,5.59,0.03,7.0,305.0,23.6,1.3,0.0,0.077,9.01,0.0,0.0,0.172,0.0,0.0,0.36,0.0,0.8,7.4,0.94
335240,"Bread, whole-wheat, commercially prepared",254.0,32.1,0.0,0.0,163.0,39.2,0.0,27.2,0.0,0.226,0.616,1.61,0.732,0.022,0.0,0.0,6.0,42.0,0.0,2.56,76.6,2.18,0.0,4.43,0.0,0.65,212.0,250.0,12.3,0.166,25.8,450.0,28.7,4.41,0.0,0.391,3.55,0.0,0.0,0.216,0.0,0.0,2.82,0.0,0.0,0.0,1.76
746758,"Beef, loin, tenderloin roast, separable lean only, boneless, trimmed to 0"" fat, select, cooked, roasted",168.0,462.0,0.0,0.0,13.0,0.0,85.0,0.0,0.0,0.097,2.26,0.472,2.47,0.359,0.0,0.0,0.0,0.0,0.0,3.04,13.7,0.008,0.0,5.76,0.0,0.0,259.0,352.0,27.7,0.4,25.4,54.0,0.0,0.0,0.0,0.0,6.36,0.0,4.21,0.67,0.0,0.0,0.0,0.0,0.0,0.0,3.7
746759,"Beef, loin, top loin steak, boneless, lip-on, separable lean only, trimmed to 1/8"" fat, choice, raw",149.0,284.0,0.0,0.0,15.0,0.0,58.0,56.3,0.0,0.043,2.71,0.364,2.56,0.306,0.0,0.0,0.0,0.0,0.0,1.9,11.3,0.002,0.0,6.88,0.0,0.36,206.0,282.0,22.8,0.202,21.3,45.0,0.0,0.0,0.0,0.053,6.39,0.0,1.72,0.575,0.0,0.0,0.25,0.0,0.0,0.0,3.76
746760,"Beef, round, eye of round roast, boneless, separable lean only, trimmed to 0"" fat, select, raw",116.0,690.0,0.0,0.0,13.0,0.0,62.0,0.0,0.0,0.035,0.951,0.192,0.953,0.129,0.0,0.0,0.0,0.0,0.0,1.37,11.4,0.002,0.0,6.58,0.0,0.0,222.0,312.0,23.4,0.185,22.2,50.0,0.0,0.0,0.0,0.0,2.48,0.0,2.06,0.638,0.0,0.0,0.0,0.0,0.0,0.0,3.38
746761,"Beef, round, top round roast, boneless, separable lean only, trimmed to 0"" fat, select, raw",116.0,788.0,0.0,0.0,13.0,0.0,63.0,64.1,0.0,0.047,0.886,0.208,0.924,0.125,0.0,0.0,0.0,0.0,0.0,2.34,11.9,0.003,0.0,6.16,0.0,0.37,220.0,316.0,23.7,0.25,22.7,55.0,0.0,0.0,0.0,0.064,2.41,0.0,1.62,0.626,0.0,0.0,0.21,0.0,0.0,0.0,3.54
746762,"Beef, short loin, porterhouse steak, separable lean only, trimmed to 1/8"" fat, select, raw",139.0,525.0,0.0,0.0,19.0,0.0,57.0,0.0,0.0,0.075,1.9,0.259,2.07,0.28,0.0,0.0,0.0,0.0,0.0,2.26,10.7,0.003,0.0,5.32,0.0,0.0,200.0,266.0,22.7,0.23,21.4,43.0,0.0,0.0,0.0,0.0,5.32,0.0,1.98,0.751,0.0,0.0,0.0,0.0,0.0,0.0,3.52
746763,"Beef, short loin, t-bone steak, bone-in, separable lean only, trimmed to 1/8"" fat, choice, cooked, grilled",212.0,360.0,0.0,0.0,19.0,0.0,80.0,0.0,0.0,0.078,4.67,0.514,4.68,0.594,0.0,0.0,0.0,0.0,0.0,3.53,20.0,0.003,0.0,6.37,0.0,0.0,211.0,283.0,27.3,0.27,29.7,67.0,0.0,0.0,0.0,0.0,11.4,0.0,1.88,0.753,0.0,0.0,0.0,0.0,0.0,0.0,4.69
746765,"Cheese, dry white, queso seco",325.0,97.3,0.0,0.0,661.0,2.07,78.0,18.4,0.0,0.027,5.7,1.06,13.7,0.877,0.0,0.0,0.0,0.0,0.0,0.18,26.7,0.018,0.0,0.083,0.0,0.398,475.0,116.0,24.5,0.23,22.4,1810.0,0.0,0.43,0.0,0.038,24.3,226.0,1.7,0.091,0.0,1.83,0.49,0.0,5.9,1.6,3.28
746766,"Cheese, ricotta, whole milk",158.0,64.6,0.0,0.0,224.0,6.86,48.0,0.0,0.0,0.0,2.56,0.389,6.97,0.351,0.0,0.0,0.0,4.0,0.0,0.1,19.7,0.0,0.0,0.168,0.0,0.673,162.0,230.0,7.81,0.327,5.5,105.0,0.0,0.0,0.0,0.043,11.0,127.0,0.78,0.099,0.0,0.0,0.27,0.0,3.1,0.6,0.56
746767,"Cheese, swiss",393.0,10.9,0.0,0.0,890.0,1.44,93.0,13.8,0.0,0.047,7.26,1.14,18.2,0.993,0.0,0.0,0.0,9.0,0.0,0.13,33.4,0.027,0.0,0.06,0.0,0.352,574.0,71.0,27.0,0.303,30.1,185.0,0.0,0.0,0.0,0.011,31.0,292.0,3.02,0.07,0.0,0.0,0.6,0.0,6.3,1.4,4.37
746768,"Figs, dried, uncooked",277.0,8.4,0.0,0.0,162.0,62.8,0.0,0.0,0.0,0.287,0.0,0.0,0.0,0.0,8.3,1.5,9.8,9.0,0.0,2.03,67.6,0.51,0.0,0.619,0.0,0.434,67.0,680.0,3.3,0.082,0.6,10.0,5.07,47.9,0.0,0.085,0.92,0.0,0.0,0.106,1.2,0.0,0.36,0.0,0.0,15.6,0.66
746769,"Lettuce, cos or romaine, raw",20.0,581.0,0.0,0.0,35.0,3.0,0.0,0.0,0.0,0.048,0.0,0.0,0.0,0.0,1.7,0.1,1.8,50.0,0.0,0.95,13.7,0.127,0.0,0.323,0.0,0.145,30.0,253.0,1.24,0.072,0.4,0.0,0.0,1.19,0.0,0.079,0.26,436.0,0.0,0.078,4.6,0.0,0.14,0.0,0.0,102.0,0.25
746770,"Melons, cantaloupe, raw",38.0,55.0,0.0,0.0,9.0,8.69,0.0,0.0,0.0,0.085,0.0,0.0,0.0,0.0,0.5,0.3,0.8,14.0,0.0,0.38,13.0,0.046,0.0,0.694,0.0,0.085,17.0,157.0,0.82,0.027,1.7,30.0,0.02,7.88,0.0,0.049,0.18,232.0,0.0,0.04,10.9,0.0,0.0,0.0,0.0,2.7,0.44
746771,"Oranges, raw, navels",52.0,140.0,0.0,0.0,43.0,10.6,0.0,0.0,0.0,0.064,0.0,0.0,0.0,0.0,1.8,0.2,2.0,25.0,0.0,0.33,10.7,0.029,0.0,0.425,0.0,0.261,23.0,166.0,0.91,0.051,0.0,9.0,0.0,8.57,0.0,0.068,0.15,0.0,0.0,0.079,59.1,0.0,0.0,0.0,0.0,0.0,0.11
746772,"Milk, lowfat, fluid, 1% milkfat, with added vitamin A and vitamin D",43.0,246.0,0.0,0.0,126.0,5.18,5.0,17.4,0.0,0.001,0.21,0.032,0.568,0.036,0.0,0.0,0.0,2.0,36.2,0.0,12.0,0.0,0.0,0.113,0.0,0.368,103.0,159.0,3.38,0.14,2.1,39.0,0.0,4.96,0.0,0.057,0.95,58.0,0.61,0.06,0.0,1.06,0.02,0.0,0.0,0.0,0.43
746773,"Pears, raw, bartlett",63.0,140.0,0.0,0.0,8.0,15.1,0.0,0.0,0.0,0.07,0.0,0.0,0.0,0.0,2.8,0.3,3.1,6.0,0.0,0.17,5.7,0.032,0.0,0.164,0.0,0.042,10.0,87.0,0.38,0.026,0.2,7.0,0.0,9.69,0.0,0.012,0.16,1.0,0.0,0.026,4.4,0.0,0.0,0.0,0.0,3.8,0.07
746774,"Restaurant, Chinese, sweet and sour pork",260.0,41.8,0.0,0.0,46.0,23.0,24.0,32.4,0.0,0.06,3.49,7.05,2.68,0.087,0.0,0.0,1.0,0.0,0.0,3.07,13.0,0.173,0.0,2.11,0.0,0.443,133.0,152.0,8.88,0.103,9.7,304.0,11.7,10.3,0.0,0.235,13.6,29.0,0.19,0.17,2.3,0.0,0.89,0.0,2.0,27.8,1.07
746775,"Salt, table, iodized",0.0,6.1,0.0,0.0,50.0,0.0,0.0,0.0,0.0,0.0,0.0,0.0,0.0,0.0,0.0,0.0,0.0,0.0,5080.0,0.0,0.0,0.032,0.0,0.0,0.0,0.0,0.0,2.0,0.0,0.0,0.0,38700.0,0.0,0.0,0.0,0.0,0.0,0.0,0.0,0.0,0.0,0.0,0.0,0.0,0.0,0.0,0.0
746776,"Milk, nonfat, fluid, with added vitamin A and vitamin D (fat free or skim)",34.0,246.0,0.0,0.0,132.0,4.92,3.0,18.2,0.0,0.002,0.017,0.006,0.049,0.0,0.0,0.0,0.0,2.0,35.7,0.0,12.5,0.001,0.0,0.118,0.0,0.388,107.0,167.0,3.43,0.131,2.0,41.0,0.0,5.05,0.0,0.056,0.08,64.0,0.58,0.058,0.0,1.1,0.0,0.0,0.0,0.0,0.45
746777,"Sauce, salsa, ready-to-serve",34.0,35.7,0.0,0.0,28.0,5.66,0.0,0.0,0.0,0.065,0.0,0.0,0.0,0.0,0.0,0.0,1.8,0.0,0.0,0.42,15.2,0.11,0.0,1.12,0.0,0.202,32.0,258.0,1.44,0.0,0.0,656.0,0.0,3.81,0.0,0.035,0.19,24.0,0.0,0.176,0.0,0.0,1.22,0.0,0.0,4.2,0.2
746778,"Milk, reduced fat, fluid, 2% milkfat, with added vitamin A and vitamin D",50.0,245.0,0.0,0.0,126.0,4.9,8.0,18.2,0.0,0.001,0.4,0.058,1.11,0.07,0.0,0.0,0.0,2.0,39.6,0.0,12.0,0.001,0.0,0.112,0.0,0.39,103.0,159.0,3.36,0.137,1.8,39.0,0.0,4.89,0.0,0.059,1.9,83.0,0.55,0.061,0.0,1.13,0.03,0.0,0.0,0.0,0.43
746779,"Sausage, breakfast sausage, beef, pre-cooked, unprepared",341.0,18.6,0.0,0.0,35.0,3.37,61.0,38.3,0.0,0.075,12.7,1.91,11.3,1.18,0.0,0.0,0.0,0.0,0.0,1.55,19.7,0.174,0.0,2.43,0.0,0.322,124.0,263.0,13.3,0.132,11.6,866.0,0.0,1.0,0.0,0.054,28.7,18.0,1.13,0.15,19.2,0.0,0.33,0.0,0.0,0.0,2.14
746780,"Sausage, Italian, pork, mild, cooked, pan-fried",317.0,86.6,0.0,0.0,12.0,2.15,80.0,70.4,0.0,0.074,11.6,4.96,9.15,0.1,0.0,0.0,0.0,0.0,0.0,1.29,18.6,0.033,0.0,5.73,0.0,0.783,145.0,310.0,18.2,0.242,20.2,766.0,0.0,1.46,0.0,0.31,26.2,22.0,1.06,0.343,0.0,0.0,0.8,0.0,18.8,0.0,2.41
746781,"Sausage, pork, chorizo, link or ground, cooked, pan-fried",346.0,80.4,0.0,0.0,37.0,2.63,107.0,97.1,0.0,0.13,11.7,4.74,9.45,0.115,0.0,0.0,0.0,10.0,0.0,2.34,30.1,0.188,0.0,7.06,0.0,1.2,207.0,435.0,19.3,0.42,25.9,983.0,0.0,0.0,0.0,0.365,28.1,0.0,1.21,0.554,0.0,0.0,1.5,0.0,16.8,6.0,2.19
746782,"Milk, whole, 3.25% milkfat, with added vitamin D",61.0,249.0,0.0,0.0,123.0,4.63,12.0,17.8,0.0,0.001,0.688,0.108,1.86,0.112,0.0,0.0,0.0,0.0,37.9,0.0,11.9,0.0,0.0,0.105,0.0,0.362,101.0,150.0,3.27,0.138,1.9,38.0,0.0,4.81,0.0,0.056,3.2,32.0,0.54,0.061,0.0,0.96,0.05,0.0,0.0,0.0,0.42
746783,"Sausage, turkey, breakfast links, mild, raw",164.0,27.9,0.0,0.0,32.0,0.93,78.0,59.6,0.0,0.07,3.07,3.15,2.53,0.104,0.0,0.0,0.0,0.0,0.0,1.17,18.9,0.035,0.0,5.02,0.0,0.952,178.0,310.0,16.7,0.296,12.5,599.0,0.0,0.0,0.0,0.047,10.4,0.0,1.2,0.335,0.0,0.0,0.24,0.0,36.6,0.4,2.58
746784,"Sugars, granulated",401.0,4.0,0.0,0.0,1.0,99.6,0.0,0.0,0.0,0.007,0.0,0.0,0.0,0.0,0.0,0.0,0.0,0.0,0.0,0.05,0.3,0.004,0.0,0.0,0.0,0.0,0.0,2.0,0.0,0.0,0.0,1.0,0.0,99.8,0.0,0.0,0.32,0.0,0.0,0.0,0.0,0.0,0.0,0.0,0.0,0.0,0.01
746785,"Turkey, ground, 93% lean, 7% fat, pan-broiled crumbles",213.0,155.0,0.0,0.0,31.0,0.0,104.0,78.7,0.0,0.166,3.78,3.49,2.97,0.144,0.0,0.0,0.0,0.0,0.0,1.56,29.1,0.01,0.0,8.09,0.0,1.4,259.0,304.0,27.1,0.262,28.4,90.0,0.0,0.0,0.0,0.088,11.6,30.0,1.9,0.497,0.0,0.0,0.18,0.0,0.0,0.0,3.77
746952,"Ham, sliced, restaurant",121.0,16.2,0.0,0.0,6.0,2.36,0.0,0.0,0.0,0.041,1.6,0.675,1.25,0.017,0.0,0.0,0.0,0.0,0.0,0.86,20.3,0.015,0.0,0.0,0.0,0.0,246.0,484.0,19.6,0.0,0.0,1030.0,0.0,2.2,0.0,0.0,3.68,0.0,0.0,0.0,0.0,0.0,0.0,0.0,0.0,0.0,1.76
747429,"Cheese, American, restaurant",375.0,16.0,0.0,0.0,508.0,6.35,0.0,0.0,0.0,0.042,6.62,1.23,17.7,1.01,0.0,0.0,0.0,0.0,54.1,0.24,25.0,0.018,0.0,0.0,0.0,0.0,380.0,173.0,17.5,0.0,0.0,1600.0,0.0,3.76,0.0,0.0,31.1,0.0,0.0,0.0,0.0,0.0,0.0,0.0,0.0,0.0,2.45
747447,"Broccoli, raw",39.0,76.0,0.0,0.0,46.0,3.8,0.0,0.0,0.0,0.059,0.011,0.017,0.039,0.0,2.4,0.0,2.4,65.0,0.0,0.69,21.0,0.197,0.0,0.639,0.0,0.61,67.0,303.0,2.57,0.114,1.6,36.0,0.0,1.4,0.0,0.077,0.34,8.0,0.0,0.191,91.3,0.0,0.15,0.0,0.0,102.0,0.42
747997,"Eggs, Grade A, Large, egg white",52.0,34.0,0.0,0.0,0.0,2.36,0.0,0.0,0.0,0.0,0.0,0.0,0.0,0.0,0.0,0.0,0.0,0.0,0.0,0.0,0.0,0.0,0.0,0.0,0.0,0.0,0.0,0.0,10.7,0.391,17.9,0.0,0.0,0.0,0.0,0.0,0.0,0.0,0.0,0.0,0.0,0.0,0.0,0.0,0.0,0.0,0.0
748236,"Eggs, Grade A, Large, egg yolk",328.0,17.0,45.9,0.0,0.0,1.02,0.0,0.0,0.0,0.0,0.0,0.0,0.0,0.0,0.0,0.0,0.0,0.0,0.0,0.0,0.0,0.0,0.0,0.0,0.0,0.0,0.0,0.0,16.2,0.467,55.8,0.0,0.0,0.0,0.0,0.0,28.8,0.0,0.0,0.0,0.0,0.0,5.64,0.0,0.0,0.0,0.0
748278,"Oil, canola",0.0,90.9,0.0,0.0,0.0,0.0,0.0,0.0,0.0,0.0,62.6,25.3,6.61,0.0,0.0,0.0,0.0,0.0,0.0,0.0,0.0,0.0,0.0,0.0,0.0,0.0,0.0,0.0,0.0,0.0,0.0,0.0,0.0,0.0,0.0,0.0,0.0,0.0,0.0,0.0,0.0,0.0,17.3,0.0,0.0,0.0,0.0
748323,"Oil, corn",0.0,91.3,0.0,0.0,0.0,0.0,0.0,0.0,0.0,0.0,27.7,52.9,13.4,0.0,0.0,0.0,0.0,0.0,0.0,0.0,0.0,0.0,0.0,0.0,0.0,0.0,0.0,0.0,0.0,0.0,0.0,0.0,0.0,0.0,0.0,0.0,0.0,0.0,0.0,0.0,0.0,0.0,22.6,0.0,0.0,0.0,0.0
748366,"Oil, soybean",0.0,91.3,0.0,0.0,0.0,0.0,0.0,0.0,0.0,0.0,22.1,57.6,14.9,0.0,0.0,0.0,0.0,0.0,0.0,0.0,0.0,0.0,0.0,0.0,0.0,0.0,0.0,0.0,0.0,0.0,0.0,0.0,0.0,0.0,0.0,0.0,0.0,0.0,0.0,0.0,0.0,0.0,12.2,0.0,0.0,0.0,0.0
748608,"Oil, olive, extra virgin",0.0,90.7,0.0,0.0,0.0,0.0,0.0,0.0,0.0,0.0,69.2,9.07,15.4,0.0,0.0,0.0,0.0,0.0,0.0,0.0,0.0,0.0,0.0,0.0,0.0,0.0,0.0,0.0,0.0,0.0,0.0,0.0,0.0,0.0,0.0,0.0,0.0,0.0,0.0,0.0,0.0,0.0,0.0,0.0,0.0,0.0,0.0
748967,"Eggs, Grade A, Large, egg whole",143.0,50.3,0.0,0.0,48.0,0.2,411.0,335.0,0.0,0.0,3.63,1.82,3.2,0.0,0.0,0.0,0.0,71.0,49.1,1.67,11.4,0.0,0.0,0.0,0.0,0.0,184.0,132.0,12.4,0.419,31.1,129.0,0.0,0.2,0.0,0.077,9.96,180.0,1.02,0.063,0.0,2.46,0.0,0.0,0.0,0.0,1.24
749420,"Pork, cured, bacon, cooked, restaurant",501.0,6.3,0.0,0.0,13.0,2.1,0.0,0.0,0.0,0.13,15.8,6.0,12.6,0.15,0.0,0.0,0.0,0.0,0.0,1.28,36.5,0.02,0.0,0.0,0.0,0.0,415.0,557.0,40.9,0.0,0.0,1830.0,0.0,3.14,0.0,0.0,36.5,0.0,0.0,0.0,0.0,0.0,0.0,0.0,0.0,0.0,3.56
790577,"Onions, red, raw",44.0,197.0,0.0,0.0,17.0,9.93,0.0,0.0,0.0,0.058,0.0,0.0,0.0,0.0,0.0,0.0,3.97,0.0,0.0,0.24,11.4,0.119,0.0,0.0,0.0,0.0,41.0,197.0,0.94,0.0,0.5,1.0,0.0,5.76,0.0,0.0,0.1,0.0,0.0,0.0,8.1,0.0,0.0,0.0,0.0,0.0,0.17
790646,"Onions, yellow, raw",38.0,143.0,0.0,0.0,15.0,8.61,0.0,0.0,0.0,0.035,0.0,0.0,0.0,0.0,0.0,0.0,2.71,0.0,0.0,0.28,9.0,0.144,0.0,0.0,0.0,0.0,34.0,182.0,0.83,0.0,0.0,1.0,0.0,5.82,0.0,0.0,0.05,0.0,0.0,0.0,8.2,0.0,0.0,0.0,0.0,0.0,0.2
790774,"Bananas, overripe, raw",85.0,110.0,0.0,0.0,0.0,20.1,0.0,0.0,0.0,0.0,0.0,0.0,0.0,0.0,0.0,0.0,2.02,25.0,0.0,0.0,0.0,0.0,0.0,0.57,0.0,0.0,0.0,0.0,0.73,0.0,0.0,0.0,0.0,0.0,0.0,0.04,0.22,1.0,0.0,0.234,9.7,0.0,0.0,0.0,0.0,0.2,0.0
790991,"Bananas, ripe and slightly ripe, raw",97.0,115.0,0.0,0.0,5.0,23.0,0.0,0.0,0.0,0.101,0.0,0.0,0.0,0.0,0.0,0.0,4.62,14.0,0.0,0.0,28.0,0.258,0.0,0.662,0.0,0.0,22.0,326.0,0.74,0.0,0.0,0.0,0.0,0.0,0.0,0.056,0.29,1.0,0.0,0.209,12.3,0.0,0.0,0.0,0.0,0.1,0.16
1105073,"Bananas, overripe, raw",85.0,110.0,0.0,0.0,0.0,18.0,0.0,0.0,0.0,0.0,0.0,0.0,0.0,0.0,0.0,0.0,2.02,25.0,0.0,0.0,0.0,0.0,0.0,0.57,0.0,0.0,0.0,0.0,0.73,0.0,0.0,0.0,0.41,15.8,0.0,0.04,0.22,1.0,0.0,0.234,9.7,0.0,0.0,0.0,0.0,0.2,0.0
1105314,"Bananas, ripe and slightly ripe, raw",98.0,115.0,0.0,0.0,5.0,21.2,0.0,0.0,0.0,0.101,0.0,0.0,0.0,0.0,0.0,0.0,4.62,14.0,0.0,0.0,28.0,0.258,0.0,0.662,0.0,0.0,22.0,326.0,0.74,0.0,0.0,0.0,3.66,15.8,0.0,0.056,0.29,1.0,0.0,0.209,12.3,0.0,0.0,0.0,0.0,0.1,0.16
326458,"Carrots, frozen, unprepared (Includes foods for USDA's Food Distribution Program)",37.0,100.0,0.0,0.0,33.0,7.79,0.0,0.0,0.0,0.08,0.0,0.163,0.0,0.0,1.9,1.4,3.2,7.0,0.0,0.43,10.8,0.143,0.0,0.465,0.0,0.196,31.0,210.0,0.81,0.047,0.0,66.0,0.38,4.2,0.0,0.039,0.47,0.0,0.0,0.088,2.2,0.0,0.69,0.0,0.0,15.0,0.28
327046,"Kiwifruit, green, raw",64.0,100.0,0.0,0.0,35.0,12.0,0.0,0.0,0.0,0.134,0.0,0.0,0.0,0.0,2.3,0.7,3.0,26.0,0.0,0.24,15.7,0.064,0.0,0.37,0.0,0.206,34.0,198.0,1.06,0.025,0.2,5.0,0.0,8.99,0.0,0.027,0.44,4.0,0.0,0.061,74.7,0.0,1.3,0.0,0.0,40.3,0.14
746764,"Carrots, frozen, unprepared",39.0,100.0,0.0,0.0,33.0,7.79,0.0,0.0,0.0,0.08,0.0,0.163,0.0,0.0,1.9,1.4,3.2,7.0,0.0,0.43,10.8,0.143,0.0,0.465,0.0,0.196,31.0,210.0,0.81,0.047,0.0,66.0,0.38,4.2,0.0,0.039,0.47,0.0,0.0,0.088,2.2,0.0,0.69,0.0,0.0,15.0,0.28
747430,"Beans, Dry, Medium Red (0% moisture)",0.0,100.0,0.0,1210.0,193.0,0.0,0.0,0.0,52.5,1.04,0.0,0.0,0.0,0.0,0.0,0.0,4.3,0.0,0.0,6.27,178.0,2.05,468.0,0.0,242.0,0.0,548.0,1490.0,25.5,0.0,0.0,0.0,35.4,0.0,232.0,0.0,1.04,0.0,0.0,0.0,0.0,0.0,0.0,0.0,0.0,0.0,3.82
747431,"Beans, Dry, Red (0% moisture)",0.0,100.0,0.0,1320.0,148.0,0.0,0.0,0.0,56.5,0.959,0.0,0.0,0.0,0.0,0.0,0.0,4.0,0.0,0.0,5.05,152.0,1.93,488.0,0.0,278.0,0.0,380.0,1540.0,21.3,0.0,0.0,0.0,39.7,0.0,204.0,0.0,1.16,0.0,0.0,0.0,0.0,0.0,0.0,0.0,0.0,0.0,2.84
747432,"Beans, Dry, Flor de Mayo (0% moisture)",0.0,100.0,0.0,1150.0,180.0,0.0,0.0,0.0,39.5,0.864,0.0,0.0,0.0,0.0,0.0,0.0,4.0,0.0,0.0,4.47,182.0,1.7,340.0,0.0,172.0,0.0,439.0,1490.0,23.3,0.0,0.0,0.0,40.0,0.0,212.0,0.0,0.86,0.0,0.0,0.0,0.0,0.0,0.0,0.0,0.0,0.0,3.42
747433,"Beans, Dry, Brown (0% moisture)",0.0,100.0,0.0,1040.0,158.0,0.0,0.0,0.0,55.0,1.03,0.0,0.0,0.0,0.0,0.0,0.0,4.1,0.0,0.0,4.7,158.0,1.87,1150.0,0.0,256.0,0.0,543.0,1580.0,25.6,0.0,0.0,0.0,37.2,0.0,254.0,0.0,1.12,0.0,0.0,0.0,0.0,0.0,0.0,0.0,0.0,0.0,3.71
747434,"Beans, Dry, Tan (0% moisture)",0.0,100.0,0.0,1240.0,178.0,0.0,0.0,0.0,43.5,1.1,0.0,0.0,0.0,0.0,0.0,0.0,4.4,0.0,0.0,5.85,198.0,2.16,804.0,0.0,166.0,0.0,555.0,1620.0,26.8,0.0,0.0,0.0,36.0,0.0,262.0,0.0,1.14,0.0,0.0,0.0,0.0,0.0,0.0,0.0,0.0,0.0,3.5
747435,"Beans, Dry, Light Tan (0% moisture)",0.0,100.0,0.0,931.0,98.0,0.0,0.0,0.0,58.5,0.932,0.0,0.0,0.0,0.0,0.0,0.0,4.3,0.0,0.0,7.29,178.0,1.69,534.0,0.0,120.0,0.0,571.0,1230.0,24.6,0.0,0.0,0.0,37.6,0.0,228.0,0.0,1.28,0.0,0.0,0.0,0.0,0.0,0.0,0.0,0.0,0.0,3.23
747436,"Beans, Dry, Carioca (0% moisture)",0.0,100.0,0.0,1160.0,194.0,0.0,0.0,0.0,39.0,1.04,0.0,0.0,0.0,0.0,0.0,0.0,4.5,0.0,0.0,5.87,179.0,1.93,962.0,0.0,177.0,0.0,535.0,1390.0,25.2,0.0,0.0,0.0,36.0,0.0,257.0,0.0,1.44,0.0,0.0,0.0,0.0,0.0,0.0,0.0,0.0,0.0,3.36
747437,"Beans, Dry, Cranberry (0% moisture)",0.0,100.0,0.0,1130.0,152.0,0.0,0.0,0.0,30.2,0.757,0.0,0.0,0.0,0.0,0.0,0.0,4.3,0.0,0.0,5.26,166.0,1.78,672.0,0.0,77.5,0.0,487.0,1340.0,24.4,0.0,0.0,0.0,36.3,0.0,198.0,0.0,1.23,0.0,0.0,0.0,0.0,0.0,0.0,0.0,0.0,0.0,3.03
747438,"Beans, Dry, Light Red Kidney (0% moisture)",0.0,100.0,0.0,1160.0,103.0,0.0,0.0,0.0,26.0,0.786,0.0,0.0,0.0,0.0,0.0,0.0,4.5,0.0,0.0,6.95,158.0,1.52,384.0,0.0,76.0,0.0,549.0,1540.0,25.0,0.0,0.0,0.0,36.6,0.0,211.0,0.0,1.03,0.0,0.0,0.0,0.0,0.0,0.0,0.0,0.0,0.0,3.5
747439,"Beans, Dry, Pink (0% moisture)",0.0,100.0,0.0,1170.0,137.0,0.0,0.0,0.0,44.0,0.947,0.0,0.0,0.0,0.0,0.0,0.0,4.1,0.0,0.0,5.46,164.0,1.7,607.0,0.0,191.0,0.0,491.0,1490.0,23.4,0.0,0.0,0.0,38.1,0.0,219.0,0.0,1.2,0.0,0.0,0.0,0.0,0.0,0.0,0.0,0.0,0.0,3.26
747440,"Beans, Dry, Dark Red Kidney (0% moisture)",0.0,100.0,0.0,1100.0,98.0,0.0,0.0,0.0,30.0,0.865,0.0,0.0,0.0,0.0,0.0,0.0,4.3,0.0,0.0,6.58,164.0,1.67,572.0,0.0,79.0,0.0,612.0,1490.0,25.9,0.0,0.0,0.0,36.7,0.0,241.0,0.0,1.31,0.0,0.0,0.0,0.0,0.0,0.0,0.0,0.0,0.0,3.29
747441,"Beans, Dry, Navy (0% moisture)",0.0,100.0,0.0,1220.0,229.0,0.0,0.0,0.0,38.9,1.14,0.0,0.0,0.0,0.0,0.0,0.0,4.3,0.0,0.0,5.29,180.0,2.22,840.0,0.0,220.0,0.0,523.0,1470.0,24.1,0.0,0.0,0.0,38.1,0.0,244.0,0.0,1.51,0.0,0.0,0.0,0.0,0.0,0.0,0.0,0.0,0.0,3.31
747442,"Beans, Dry, Small White (0% moisture)",0.0,100.0,0.0,1230.0,236.0,0.0,0.0,0.0,38.9,1.05,0.0,0.0,0.0,0.0,0.0,0.0,4.3,0.0,0.0,4.93,182.0,2.07,871.0,0.0,180.0,0.0,533.0,1540.0,24.5,0.0,0.0,0.0,37.5,0.0,241.0,0.0,1.32,0.0,0.0,0.0,0.0,0.0,0.0,0.0,0.0,0.0,3.54
747443,"Beans, Dry, Small Red (0% moisture)",0.0,100.0,0.0,1190.0,149.0,0.0,0.0,0.0,47.5,0.968,0.0,0.0,0.0,0.0,0.0,0.0,4.1,0.0,0.0,4.95,167.0,1.76,613.0,0.0,188.0,0.0,493.0,1520.0,23.5,0.0,0.0,0.0,37.8,0.0,217.0,0.0,1.28,0.0,0.0,0.0,0.0,0.0,0.0,0.0,0.0,0.0,3.23
747444,"Beans, Dry, Black (0% moisture)",0.0,100.0,0.0,1250.0,191.0,0.0,0.0,0.0,43.8,1.12,0.0,0.0,0.0,0.0,0.0,0.0,4.2,0.0,0.0,5.34,180.0,2.08,920.0,0.0,193.0,0.0,522.0,1540.0,24.4,0.0,0.0,0.0,36.6,0.0,244.0,0.0,1.45,0.0,0.0,0.0,0.0,0.0,0.0,0.0,0.0,0.0,3.37
747445,"Beans, Dry, Pinto (0% moisture)",0.0,100.0,0.0,1230.0,161.0,0.0,0.0,0.0,49.9,0.978,0.0,0.0,0.0,0.0,0.0,0.0,4.1,0.0,0.0,5.4,170.0,1.78,515.0,0.0,186.0,0.0,507.0,1510.0,23.7,0.0,0.0,0.0,38.5,0.0,219.0,0.0,1.24,0.0,0.0,0.0,0.0,0.0,0.0,0.0,0.0,0.0,3.43
747446,"Beans, Dry, Great Northern (0% moisture)",0.0,100.0,0.0,1250.0,192.0,0.0,0.0,0.0,51.2,1.08,0.0,0.0,0.0,0.0,0.0,0.0,4.3,0.0,0.0,5.48,176.0,1.9,557.0,0.0,181.0,0.0,519.0,1520.0,24.7,0.0,0.0,0.0,37.9,0.0,227.0,0.0,1.24,0.0,0.0,0.0,0.0,0.0,0.0,0.0,0.0,0.0,3.45
747693,"Ketchup, restaurant",117.0,100.0,0.0,0.0,14.0,26.8,0.0,0.0,0.0,0.066,0.0,0.0,0.0,0.0,0.0,0.0,0.0,0.0,0.0,0.43,13.5,0.086,0.0,0.0,0.0,0.0,25.0,249.0,1.11,0.0,0.0,949.0,0.0,21.8,0.0,0.0,0.55,0.0,0.0,0.0,0.0,0.0,0.0,0.0,0.0,0.0,0.16
789828,"Butter, stick, unsalted",0.0,100.0,0.0,0.0,14.0,0.0,234.0,0.0,0.0,0.001,0.0,0.0,0.0,0.0,0.0,0.0,0.0,0.0,0.0,0.03,1.6,0.0,0.0,0.0,0.0,0.0,19.0,19.0,0.0,0.0,0.0,10.0,0.0,0.0,0.0,0.0,81.5,0.0,0.0,0.0,0.0,0.0,0.0,0.0,0.0,0.0,0.07
789890,"Flour, wheat, all-purpose, enriched, bleached",366.0,100.0,0.0,0.0,19.0,77.3,0.0,0.0,0.0,0.155,0.0,0.0,0.0,0.0,0.0,0.0,0.0,160.0,0.0,5.62,26.7,0.758,37.6,6.74,0.0,0.0,108.0,136.0,10.9,0.443,15.7,2.0,0.0,0.0,0.0,0.939,1.48,0.0,0.0,0.066,0.0,0.0,0.0,0.0,0.0,0.0,0.72
789951,"Flour, wheat, all-purpose, enriched, unbleached",359.0,100.0,0.0,0.0,21.0,73.2,0.0,0.0,0.0,0.172,0.0,0.0,0.0,0.0,0.0,0.0,0.0,159.0,0.0,5.41,33.3,0.875,27.7,7.07,0.0,0.0,115.0,135.0,13.1,0.467,14.2,4.0,0.0,0.0,0.0,1.05,1.48,0.0,0.0,0.079,0.0,0.0,0.0,0.0,0.0,0.0,0.9
790018,"Flour, wheat, all-purpose, unenriched, unbleached",362.0,100.0,0.0,0.0,22.0,74.6,0.0,0.0,0.0,0.212,0.0,0.0,0.0,0.0,0.0,0.0,3.0,23.0,0.0,1.18,36.1,0.819,42.6,1.59,0.0,0.0,134.0,150.0,12.0,0.0,20.1,2.0,0.0,0.0,0.0,0.298,1.7,0.0,0.0,0.085,0.0,0.0,0.0,0.0,0.0,0.0,1.15
790085,"Flour, whole wheat, unenriched",370.0,100.0,0.0,0.0,38.0,71.2,0.0,0.0,0.0,0.452,0.0,0.0,0.0,0.0,0.0,0.0,10.6,39.0,0.0,3.86,136.0,3.56,58.5,5.55,0.0,0.0,352.0,376.0,15.1,0.128,23.6,3.0,0.0,0.0,0.0,0.504,2.73,0.0,0.0,0.268,0.0,0.0,0.0,0.0,0.0,0.0,3.24
790146,"Flour, bread, white, enriched, unbleached",363.0,100.0,0.0,0.0,19.0,72.8,0.0,0.0,0.0,0.194,0.0,0.0,0.0,0.0,0.0,0.0,0.0,145.0,0.0,5.55,35.9,0.751,36.6,6.56,0.0,0.0,124.0,127.0,14.3,0.436,33.3,3.0,0.0,0.0,0.0,0.953,1.65,0.0,0.0,0.079,0.0,0.0,0.0,0.0,0.0,0.0,1.06
790214,"Flour, rice, white, unenriched",359.0,100.0,0.0,0.0,6.0,79.8,0.0,0.0,0.0,0.209,0.0,0.0,0.0,0.0,0.0,0.0,0.5,16.0,0.0,0.22,22.9,0.892,45.5,1.25,0.0,0.0,94.0,75.0,6.94,0.0,5.3,5.0,0.0,0.0,0.0,0.09,1.3,0.0,0.0,0.052,0.0,0.0,0.0,0.0,0.0,0.0,1.19
790276,"Flour, corn, yellow, fine meal, enriched",364.0,100.0,0.0,0.0,0.0,80.8,0.0,0.0,0.0,0.082,0.0,0.0,0.0,0.0,0.0,0.0,4.3,155.0,0.0,4.44,30.1,0.172,16.4,5.75,0.0,0.0,92.0,144.0,6.2,0.354,8.3,0.0,0.0,1.04,0.0,0.662,1.74,0.0,0.0,0.13,0.0,0.0,0.0,0.0,0.0,0.0,0.62
790508,"Butter, stick, salted",0.0,100.0,0.0,0.0,21.0,0.0,235.0,0.0,0.0,0.006,16.9,2.52,45.6,0.0,0.0,0.0,0.0,5.0,0.0,0.06,1.6,0.005,0.0,0.0,0.0,0.0,22.0,23.0,0.0,0.0,0.0,524.0,0.0,0.58,0.0,0.0,82.2,758.0,0.0,0.0,0.0,0.4,0.0,0.0,0.0,0.0,0.07
1104647,"Garlic, raw",143.0,100.0,0.0,0.0,0.0,28.2,0.0,0.0,0.0,0.0,0.0,0.0,0.0,0.0,0.0,0.0,2.7,0.0,0.0,0.0,0.0,0.0,0.0,0.0,0.0,0.0,0.0,0.0,6.62,0.0,9.8,0.0,0.0,0.0,0.0,0.0,0.38,0.0,0.0,0.0,10.0,0.0,0.0,0.0,0.0,0.0,0.0
1104705,"Flour, soy, defatted",366.0,100.0,0.0,0.0,338.0,32.9,0.0,0.0,0.0,1.51,0.0,0.0,0.0,0.0,0.0,0.0,24.3,0.0,0.0,7.34,313.0,3.81,211.0,3.43,0.0,0.0,726.0,2480.0,51.1,0.298,45.8,2.0,0.0,0.0,0.0,0.542,3.33,0.0,0.0,0.618,0.0,0.0,0.0,0.0,0.0,0.0,4.44
1104766,"Flour, soy, full-fat",452.0,100.0,0.0,0.0,258.0,27.9,0.0,0.0,0.0,1.09,0.0,0.0,0.0,0.0,0.0,0.0,0.0,0.0,0.0,9.51,254.0,3.16,314.0,2.74,0.0,0.0,607.0,1860.0,38.6,0.363,14.3,2.0,0.0,0.0,0.0,0.362,20.7,0.0,0.0,0.34,0.0,0.0,0.0,0.0,0.0,0.0,3.75
1104812,"Flour, rice, brown",365.0,100.0,0.0,0.0,10.0,75.5,0.0,0.0,0.0,0.286,0.0,0.0,0.0,0.0,0.0,0.0,0.0,0.0,0.0,1.5,124.0,2.84,56.2,5.99,0.0,0.0,319.0,265.0,7.19,0.008,9.68,1.0,0.0,0.0,0.0,0.322,3.85,0.0,0.0,0.132,0.0,0.0,0.0,0.0,0.0,0.0,1.91
1104867,"Flour, rice, glutinous",358.0,100.0,0.0,0.0,10.0,80.1,0.0,0.0,0.0,0.17,0.0,0.0,0.0,0.0,0.0,0.0,0.0,0.0,0.0,0.34,21.2,0.995,40.7,1.12,0.0,0.0,63.0,80.0,6.69,0.0,2.0,6.0,0.0,0.0,0.0,0.053,1.16,0.0,0.0,0.044,0.0,0.0,0.0,0.0,0.0,0.0,1.34
1104913,"Flour, pastry, unenriched, unbleached",359.0,100.0,0.0,0.0,17.0,77.2,0.0,0.0,0.0,0.159,0.0,0.0,0.0,0.0,0.0,0.0,0.0,0.0,0.0,0.87,22.4,0.635,59.1,0.988,0.0,0.0,102.0,142.0,8.75,0.0,5.0,1.0,0.0,0.0,0.0,0.146,1.64,0.0,0.0,0.065,0.0,0.0,0.0,0.0,0.0,0.0,0.74
1104962,"Onions, white, raw",36.0,100.0,0.0,0.0,21.0,7.68,0.0,0.0,0.0,0.047,0.0,0.0,0.0,0.0,0.0,0.0,1.2,0.0,0.0,0.15,9.3,0.099,0.0,0.0,0.0,0.0,29.0,141.0,0.89,0.0,0.0,2.0,0.0,5.76,0.0,0.0,0.13,0.0,0.0,0.0,0.0,0.0,0.0,0.0,0.0,0.0,0.12
1105430,"Apples, red delicious, with skin, raw",62.0,100.0,0.0,0.0,5.0,14.8,0.0,0.0,0.0,0.024,0.0,0.0,0.0,0.0,0.0,0.0,2.0,0.0,0.0,0.0,4.7,0.03,0.0,0.09,0.0,0.0,9.0,95.0,0.19,0.066,0.0,0.0,0.0,11.1,0.0,0.009,0.21,0.0,0.0,0.021,0.0,0.0,0.0,0.0,0.0,0.0,0.02
1105547,"Apples, honeycrisp, with skin, raw",60.0,100.0,0.0,0.0,4.0,14.7,0.0,0.0,0.0,0.023,0.0,0.0,0.0,0.0,0.0,0.0,1.7,0.0,0.0,0.0,4.2,0.04,0.0,0.074,0.0,0.0,8.0,98.0,0.1,0.074,0.0,0.0,0.0,11.7,0.0,0.009,0.1,0.0,0.0,0.033,0.0,0.0,0.0,0.0,0.0,0.0,0.02
1105664,"Apples, granny smith, with skin, raw",59.0,100.0,0.0,0.0,5.0,14.2,0.0,0.0,0.0,0.035,0.0,0.0,0.0,0.0,0.0,0.0,2.5,0.0,0.0,0.07,5.1,0.039,0.0,0.11,0.0,0.0,10.0,116.0,0.27,0.075,0.0,0.0,0.0,10.5,0.0,0.018,0.14,0.0,0.0,0.028,0.0,0.0,0.0,0.0,0.0,0.0,0.02
1105781,"Apples, gala, with skin, raw",61.0,100.0,0.0,0.0,7.0,14.8,0.0,0.0,0.0,0.034,0.0,0.0,0.0,0.0,0.0,0.0,2.1,0.0,0.0,0.06,5.0,0.04,0.0,0.09,0.0,0.0,8.0,106.0,0.13,0.069,0.0,0.0,0.0,11.3,0.0,0.011,0.15,0.0,0.0,0.032,0.0,0.0,0.0,0.0,0.0,0.0,0.02
1105897,"Apples, fuji, with skin, raw",65.0,100.0,0.0,0.0,6.0,15.7,0.0,0.0,0.0,0.033,0.0,0.0,0.0,0.0,0.0,0.0,2.1,0.0,0.0,0.02,4.7,0.033,0.0,0.091,0.0,0.0,10.0,104.0,0.15,0.068,0.0,1.0,0.0,12.6,0.0,0.006,0.16,0.0,0.0,0.036,0.0,0.0,0.0,0.0,0.0,0.0,0.02
1750339,"Apples, red delicious, with skin, raw",61.7893,100.0,0.0,0.0,4.656,14.263,0.0,0.0,0.0,0.02429,0.0,0.0,0.0,0.0,0.0,0.0,2.043,0.0,0.0,0.0,4.695,0.02948,0.0,0.09,0.0,0.0,9.183,95.31,0.1875,0.06625,0.0,0.0,0.0,12.221,0.0,0.00875,0.2125,0.0,0.0,0.02131,0.0,0.0,0.0,0.0,0.0,0.0,0.01964
1750340,"Apples, fuji, with skin, raw",64.6609,100.0,0.0,0.0,5.975,15.405,0.0,0.0,0.0,0.03279,0.0,0.0,0.0,0.0,0.0,0.0,2.075,0.0,0.0,0.015,4.67,0.03263,0.0,0.09063,0.0,0.0,9.78,103.8,0.1484375,0.0675,0.0,1.013,0.0,13.332,0.0,0.00625,0.1625,0.0,0.0,0.03544,0.0,0.0,0.0,0.0,0.0,0.0,0.01676
1750341,"Apples, gala, with skin, raw",60.9536,100.0,0.0,0.0,6.639,13.939,0.0,0.0,0.0,0.03394,0.0,0.0,0.0,0.0,0.0,0.0,2.109,0.8125,0.0,0.06013,4.947,0.04004,0.0,0.08938,0.0,0.0,8.435,105.9,0.1328125,0.06875,0.0,0.2788,0.0,11.835,0.0,0.01125,0.15,0.0,0.0,0.03175,0.0,0.0,0.0,0.0,0.0,0.0,0.02349
1750342,"Apples, granny smith, with skin, raw",58.8719,100.0,0.0,0.0,5.483,13.164,0.0,0.0,0.0,0.03544,0.0,0.0,0.0,0.0,0.0,0.0,2.514,0.0,0.0,0.06963,5.055,0.03934,0.0,0.11,0.0,0.0,9.859,115.9,0.265625,0.075,0.0,0.0,0.0,10.651,0.0,0.01688,0.1375,0.0,0.0,0.02788,0.0,0.0,0.0,0.0,0.0,0.0,0.02276
1750343,"Apples, honeycrisp, with skin, raw",60.034,100.0,0.0,0.0,3.874,14.091,0.0,0.0,0.0,0.0234,0.0,0.0,0.0,0.0,0.0,0.0,1.721,0.0,0.0,0.0,4.151,0.0397,0.0,0.07375,0.0,0.0,7.852,98.04,0.1015625,0.07375,0.0,0.1375,0.0,12.368,0.0,0.00875,0.1,0.0,0.0,0.03275,0.0,0.0,0.0,0.0,0.0,0.0,0.01828
1750348,"Oil, peanut",0.0,100.0,0.0,0.0,0.0,0.0,0.0,0.0,0.0,0.0,57.14,19.92,16.2,0.1725,0.0,0.0,0.0,0.0,0.0,0.0,0.0,0.0,0.0,0.0,0.0,0.0,0.0,0.0,0.0,0.0,0.0,0.0,0.0,0.0,0.0,0.0,0.0,0.0,0.0,0.0,0.0,0.0,15.23,0.0,0.0,4.263,0.0
1750349,"Oil, sunflower",0.0,100.0,0.0,0.0,0.0,0.0,0.0,0.0,0.0,0.0,63.37,20.71,8.991,0.1163,0.0,0.0,0.0,0.0,0.0,0.0,0.0,0.0,0.0,0.0,0.0,0.0,0.0,0.0,0.0,0.0,0.0,0.0,0.0,0.0,0.0,0.0,0.0,0.0,0.0,0.0,0.0,0.0,68.48,0.0,0.0,6.925,0.0
1750350,"Oil, safflower",0.0,100.0,0.0,0.0,0.0,0.0,0.0,0.0,0.0,0.0,71.63,13.79,7.651,0.1294,0.0,0.0,0.0,0.0,0.0,0.0,0.0,0.0,0.0,0.0,0.0,0.0,0.0,0.0,0.0,0.0,0.0,0.0,0.0,0.0,0.0,0.0,0.0,0.0,0.0,0.0,0.0,0.0,45.95,0.0,0.0,5.344,0.0
1750351,"Oil, olive, extra light",0.0,100.0,0.0,0.0,0.0,0.0,0.0,0.0,0.0,0.0,66.63,10.37,15.82,0.1156,0.0,0.0,0.0,0.0,0.0,0.0,0.0,0.0,0.0,0.0,0.0,0.0,0.0,0.0,0.0,0.0,0.0,0.0,0.0,0.0,0.0,0.0,0.0,0.0,0.0,0.0,0.0,0.0,20.88,0.0,0.0,26.04,0.0
1999626,"Mushroom, lion's mane",42.6655,100.0,16.93,0.0,0.0,7.5897,0.0,0.0,0.0,0.1771,0.0,0.0,0.0,0.0,0.0,0.0,4.376,29.58,0.0,0.6883,11.72,0.1796,0.0,1.626,0.0,0.0,93.95,443.3,2.5,0.3631,1.773,0.3363,0.0,0.0,0.0,0.1463,0.2563,0.0,0.0,0.0655,0.0,0.0212,0.0,0.0,0.0,0.0,0.7448
1999627,"Mushroom, oyster",41.0475,100.0,7.038,0.0,0.0,6.94125,0.0,0.0,0.0,0.1064,0.0,0.0,0.0,0.0,0.0,0.0,2.85,63.14,0.0,0.6981,13.91,0.08554,0.0,5.751,0.0,0.0,86.24,281.6,2.89875,0.2438,1.379,1.128,0.0,0.0,0.0,0.07,0.1875,0.0,0.0,0.09888,0.0,0.0406,0.0,0.0,0.0,0.0,0.6843
1999628,"Mushrooms, shiitake",44.095,100.0,6.05,0.0,0.7663,8.170625,0.0,0.0,0.0,0.04978,0.0,0.0,0.0,0.0,0.0,0.0,4.166,32.13,0.0,0.1443,14.06,0.1734,0.0,2.741,0.0,0.0,75.82,243.0,2.414375,0.2163,1.244,0.9363,0.0,0.0,0.0,0.00125,0.195,0.0,0.0,0.1593,0.0,0.0562,0.0,0.0,0.0,0.0,0.7641
1999629,"Mushrooms, white button",31.2172,100.0,9.067,0.0,5.465,4.079375,0.0,0.0,0.0,0.3888,0.0,0.0,0.0,0.0,0.0,0.0,1.717,34.76,0.0,0.2267,10.16,0.0538,0.0,3.883,0.0,0.0,93.05,373.0,2.890625,0.4442,20.05,6.443,0.0,0.0,0.0,0.065,0.3708,0.0,0.0,0.07683,0.0,0.0217,0.0,0.0,0.0,0.0,0.511
1999630,"Soy milk, unsweetened, plain, shelf stable",38.485,100.0,3.338,0.0,101.0,1.293125,0.0,0.0,0.0,0.1078,0.4163,1.154,0.3138,0.0,0.0,0.0,0.0,19.69,0.0,0.5416,21.54,0.2077,58.38,0.2356,0.0,0.0,68.65,158.2,3.546875,0.084,1.942,34.28,0.0,0.5569,0.0,0.06319,2.125,58.2,0.3931,0.05525,0.0,0.681,0.1557,0.0,0.0,0.0,0.3118
1999631,"Almond milk, unsweetened, plain, shelf stable",14.5562,100.0,1.019,0.0,172.7,0.3371125,0.0,0.0,0.0,0.02126,0.7288,0.2763,0.1038,0.0,0.0,0.0,0.0,0.0,0.0,0.2899,6.785,0.04497,0.0,0.07438,0.0,0.0,29.85,30.79,0.5546875,0.03339,0.0,59.58,0.0,0.0,0.0,0.0,1.221,41.4,0.3375,0.0,0.0,0.927,3.323,0.0,0.0,0.0,0.1718
1999632,"Spinach, baby",26.602,100.0,1.661,0.0,68.35,1.558,0.0,0.0,0.0,0.08181,0.0,0.0,0.0,0.0,0.0,0.0,1.558,116.5,0.0,1.261,92.86,0.4884,0.0,0.5506,0.0,0.0,39.05,581.8,2.851875,0.1935,0.0,111.4,0.0,0.0,0.0,0.07688,0.6188,283.0,0.0,0.1946,26.52,0.0,0.0,0.0,0.0,0.0,0.4471
1999633,"Spinach, mature",27.63,100.0,4.252,0.0,66.64,2.64135,0.0,0.0,0.0,0.07883,0.0,0.0,0.0,0.0,0.0,0.0,1.588,113.4,6.088,1.054,92.96,0.4257,0.0,0.51,0.0,0.0,40.56,459.7,2.90625,0.192,0.0,106.6,0.0,0.0,0.0,0.0765,0.6044,306.0,0.0,0.2143,30.27,0.0,0.0,0.0,0.0,0.0,0.4229
1999634,"Tomato, roma",21.9574,100.0,0.4688,0.0,9.963,3.837475,0.0,0.0,0.0,0.03198,0.0,0.0,0.0,0.0,0.0,0.0,0.9706,9.994,0.0,0.1031,8.089,0.0869,0.0,0.5331,0.0,0.0,19.09,192.8,0.695625,0.0,0.0,0.0,0.0,0.0,0.0,0.05575,0.425,23.9,0.0,0.07894,17.75,0.0,0.0,0.0,0.0,0.0,0.08245
2003586,"Flour, 00",357.0648,100.0,0.0,0.0,18.68,74.4462,0.0,0.0,0.0,0.1675,0.0,0.0,0.0,0.0,0.0,0.0,2.656,13.46,0.0,0.9863,25.8,0.5516,34.41,1.364,0.0,0.0,106.2,135.5,11.4,0.09125,10.3,0.0,0.0,0.0,0.0,0.125,1.52,0.0,0.0,0.05513,0.0,0.0,0.0,0.0,0.0,0.0,0.791
2003587,"Flour, spelt, whole grain",363.679,100.0,10.43,0.0,30.04,70.723,0.0,0.0,0.0,0.5313,0.0,0.0,0.0,0.0,0.0,0.0,9.339,38.42,0.0,3.769,123.8,2.943,91.87,5.466,0.0,0.0,361.7,349.8,14.475,0.1431,9.479,0.0,0.0,0.0,0.0,0.2981,2.543,0.0,0.0,0.2355,0.0,0.0,0.0,0.0,0.0,0.0,3.591
2003588,"Flour, semolina, coarse and semi-coarse",356.5918,100.0,0.0,0.0,17.16,73.82345,0.0,0.0,0.0,0.2273,0.0,0.0,0.0,0.0,0.0,0.0,3.216,167.7,0.0,1.547,35.21,0.647,38.26,3.632,0.0,0.0,129.8,173.8,11.73125,0.2467,29.79,0.0,0.0,0.0,0.0,0.405,1.597,0.0,0.0,0.08283,0.0,0.0,0.0,0.0,0.0,0.0,0.947
2003589,"Flour, semolina, fine",357.81,100.0,0.0,0.0,19.76,71.98575,0.0,0.0,0.0,0.2855,0.0,0.0,0.0,0.0,0.0,0.0,3.683,163.6,0.0,2.431,46.28,0.842,47.91,5.599,0.0,0.0,163.1,207.8,13.33125,0.34,44.07,0.4263,0.0,0.0,0.0,0.695,1.838,0.0,0.0,0.1082,0.0,0.0,0.0,0.0,0.0,0.0,1.24
2003590,"Apple juice, with added vitamin C, from concentrate, shelf stable",48.3763,100.0,0.0,0.0,7.099,11.3639625,0.0,0.0,0.0,0.003401,0.0,0.0,0.0,0.0,0.0,0.0,0.0,3.088,0.0,0.04016,4.861,0.0271,0.0,0.01031,0.0,0.0,5.987,95.87,0.0859375,0.0,0.0,4.872,0.0,10.295,0.0,0.0,0.2863,0.0,0.0,0.01388,51.16,0.0,0.0,0.0,0.0,0.0,0.002125
2003591,"Orange juice, no pulp, not fortified, from concentrate, refrigerated",47.225,100.0,0.0,0.0,12.81,10.340625,0.0,0.0,0.0,0.03218,0.0,0.0,0.0,0.0,0.0,0.0,0.0,29.85,0.0,0.06458,10.64,0.02986,0.0,0.04031,0.0,0.0,18.15,179.5,0.734375,0.0,0.0,5.231,0.0,8.276,0.0,0.07006,0.325,0.0,0.0,0.04288,26.89,0.0,0.0,0.0,0.0,0.0,0.03189
2003592,"Grape juice, purple, with added vitamin C, from concentrate, shelf stable",66.1099,100.0,0.0,0.0,9.741,15.6227875,0.0,0.0,0.0,0.01469,0.0,0.0,0.0,0.0,0.0,0.0,0.0,0.6644,0.0,0.04092,7.873,0.1658,0.0,0.01638,0.0,0.0,11.95,49.78,0.2578125,0.0,0.0,4.019,0.0,14.036,0.0,0.02588,0.2875,0.0,0.0,0.03869,45.61,0.0,0.0,0.0,0.0,0.0,0.0571
2003593,"Grape juice, white, with added vitamin C, from concentrate, shelf stable",66.135,100.0,0.0,0.0,7.318,15.84375,0.0,0.0,0.0,0.004458,0.0,0.0,0.0,0.0,0.0,0.0,0.0,1.731,0.0,0.1191,4.274,0.06128,0.0,0.005875,0.0,0.0,12.57,49.01,0.09375,0.0,0.0,7.188,0.0,14.446,0.0,0.0,0.265,0.0,0.0,0.01413,55.25,0.0,0.0,0.0,0.0,0.0,0.01773
2003594,"Cranberry juice, not fortified, from concentrate, shelf stable",32.0925,100.0,0.0,0.0,6.641,7.26375,0.0,0.0,0.0,0.01316,0.0,0.0,0.0,0.0,0.0,0.0,0.0,8.968,0.0,0.1257,4.381,0.2111,0.0,0.0095,0.0,0.0,3.299,70.58,0.0,0.0,0.0,6.341,0.0,3.413,0.0,0.0175,0.3375,0.0,0.0,0.00925,0.0,0.0,0.0,0.0,0.0,0.0,0.0412
2003595,"Grapefruit juice, red, not fortified, not from concentrate, refrigerated",41.0921,100.0,0.0,0.0,8.879,9.1021875,0.0,0.0,0.0,0.02411,0.0,0.0,0.0,0.0,0.0,0.0,0.0,19.02,0.0,0.01529,7.748,0.01548,0.0,0.01875,0.0,0.0,14.58,128.3,0.5703125,0.0,0.0,1.031,0.0,7.116,0.0,0.03275,0.2669,0.0,0.0,0.022,24.14,0.0,0.0,0.0,0.0,0.0,0.02739
2003596,"Tomato juice, with added ingredients, from concentrate, shelf stable",23.3075,100.0,0.0,0.0,9.744,4.320625,0.0,0.0,0.0,0.05745,0.0,0.0,0.0,0.0,0.0,0.0,0.0,18.93,0.0,0.2988,10.43,0.05834,0.0,0.0865,0.0,0.0,18.54,197.6,0.859375,0.0,0.0,235.6,0.0,2.567,0.0,0.04188,0.2875,0.0,0.0,0.07613,49.8,0.0,0.0,0.0,0.0,0.0,0.104
2003597,"Orange juice, no pulp, not fortified, not from concentrate, refrigerated",46.5063,100.0,0.0,0.0,9.288,10.0124,0.0,0.0,0.0,0.03529,0.0,0.0,0.0,0.0,0.0,0.0,0.0,28.98,0.0,0.07061,10.26,0.02774,0.0,0.02906,0.0,0.0,18.96,182.8,0.8125,0.0,0.0,0.075,0.0,8.077,0.0,0.07456,0.3563,0.0,0.0,0.04113,30.54,0.0,0.0,0.0,0.0,0.0,0.03206
2003598,"Mushroom, portabella",32.4385,100.0,11.13,0.0,3.235,4.6583,0.0,0.0,0.0,0.2033,0.0,0.0,0.0,0.0,0.0,0.0,1.879,0.0,0.0,0.139,9.037,0.04873,0.0,3.898,0.0,0.0,87.48,349.3,2.75,0.465,14.67,5.312,0.0,0.0,0.0,0.005167,0.3117,0.0,0.0,0.09692,0.0,0.0,0.0,0.0,0.0,0.0,0.3888
2003599,"Mushroom, king oyster",46.3951,100.0,10.83,0.0,0.0,8.50065,0.0,0.0,0.0,0.047,0.0,0.0,0.0,0.0,0.0,0.0,3.009,0.0,0.0,0.3381,13.51,0.09125,0.0,6.451,0.0,0.0,89.86,294.5,2.40625,0.2438,1.203,0.7713,0.0,0.0,0.0,0.006375,0.3075,0.0,0.0,0.1188,0.0,0.07,0.0,0.0,0.0,0.0,0.6254
2003600,"Mushroom, enoki",44.4382,100.0,12.48,0.0,1.432,8.141425,0.0,0.0,0.0,0.09342,0.0,0.0,0.0,0.0,0.0,0.0,2.945,0.0,0.0,1.275,12.84,0.09013,0.0,6.987,0.0,0.0,84.1,402.3,2.416875,0.24,0.0,0.4167,0.0,0.0,0.0,0.012,0.245,0.0,0.0,0.1188,0.0,0.0,0.0,0.0,0.0,0.0,0.4815
2003601,"Mushroom, crimini",30.2035,100.0,12.56,0.0,4.105,4.01455,0.0,0.0,0.0,0.3212,0.0,0.0,0.0,0.0,0.0,0.0,1.781,0.0,0.0,0.3115,10.25,0.06095,0.0,4.17,0.0,0.0,100.5,380.3,3.09375,0.5167,15.31,4.572,0.0,0.0,0.0,0.004167,0.1967,0.0,0.0,0.1125,0.0,0.0,0.0,0.0,0.0,0.0,0.5123
2003602,"Mushroom, maitake",37.615,100.0,32.57,0.0,0.0,6.604375,0.0,0.0,0.0,0.2719,0.0,0.0,0.0,0.0,0.0,0.0,3.071,0.0,0.0,0.2089,11.04,0.0584,0.0,6.763,0.0,0.0,72.38,260.0,2.203125,0.2694,3.269,0.345,0.0,0.0,0.0,0.009875,0.265,0.0,0.0,0.071,0.0,1.6,0.0,0.0,0.0,0.0,0.7629
2003603,"Mushroom, beech",39.8018,100.0,8.07,0.0,0.4325,6.7593,0.0,0.0,0.0,0.07302,0.0,0.0,0.0,0.0,0.0,0.0,3.139,0.0,0.0,0.7388,10.49,0.156,0.0,6.4,0.0,0.0,85.9,375.9,2.18,0.2075,0.38,0.8913,0.0,0.0,0.0,0.007875,0.4494,0.0,0.0,0.1054,0.0,0.37,0.0,0.0,0.0,0.0,0.4978
2003604,"Mushroom, pioppini",39.2148,100.0,15.31,0.0,0.0,5.7637,0.0,0.0,0.0,0.2755,0.0,0.0,0.0,0.0,0.0,0.0,2.753,0.0,0.0,0.486,15.99,0.09791,0.0,6.224,0.0,0.0,120.6,392.4,3.5,0.4263,4.121,0.0,0.0,0.0,0.0,0.01213,0.24,0.0,0.0,0.1023,0.0,0.0,0.0,0.0,0.0,0.0,0.8573
2257044,"Soy milk, sweetened, plain, refrigerated",40.705,100.0,2.157,0.0,154.8,2.996125,0.0,0.0,0.0,0.09561,0.0,0.0,0.0,0.0,0.0,0.0,0.0,15.81,0.0,0.3666,17.46,0.1596,32.29,0.1329,0.0,0.0,45.96,117.9,2.776875,0.3307,0.0,39.44,0.0,0.0,0.0,0.04357,1.957,0.0,1.327,0.03643,0.0,4.63,0.0,0.0,0.0,2.8,0.2636
2257045,"Almond milk, unsweetened, plain, refrigerated",19.33,100.0,1.425,0.0,157.5,0.67075,0.0,0.0,0.0,0.02688,0.0,0.0,0.0,0.0,0.0,0.0,0.0,0.0,0.0,0.1247,8.249,0.05642,0.0,0.08875,0.0,0.0,19.08,49.27,0.65625,0.08333,0.0,59.22,0.0,0.0,0.0,0.005,1.558,0.0,0.4492,0.0,0.0,1.59,0.0,0.0,0.0,0.0,0.07661
2257046,"Oat milk, unsweetened, plain, refrigerated",48.3298,100.0,1.406,0.0,148.5,5.100325,0.0,0.0,0.0,0.02712,0.0,0.0,0.0,0.0,0.0,0.0,0.0,0.0,0.0,0.2612,5.909,0.1262,10.09,0.09625,0.0,0.0,89.18,148.4,0.796875,0.2807,0.0,41.98,0.0,2.3216,0.0,0.04,2.749,0.0,0.5064,0.0065,0.0,1.7,0.0,0.0,0.0,0.4,0.09062
2258586,"Carrots, mature, raw",47.9906,100.0,2.22,0.0,30.48,10.26755,0.0,0.0,0.0,0.06148,0.0,0.0,0.0,0.0,0.0,0.0,3.095,37.06,0.0,0.1504,12.45,0.1301,0.0,1.406,0.0,0.0,39.81,279.6,0.94125,0.095,0.0,86.65,0.0,0.0,0.0,0.065,0.3506,0.0,0.0,0.1456,0.0,0.0,0.0,0.0,0.0,0.0,0.2364
2258587,"Carrots, baby, raw",40.7723,100.0,2.396,0.0,42.23,9.0787,0.0,0.0,0.0,0.04062,0.0,0.0,0.0,0.0,0.0,0.0,2.694,43.65,0.0,0.088,11.06,0.09288,0.0,0.7413,0.0,0.0,29.58,237.3,0.805,0.1156,0.0,62.66,0.0,0.0,0.0,0.04381,0.1375,0.0,0.0,0.1146,0.0,0.0,0.0,0.0,0.0,0.0,0.1597
2258588,"Peppers, bell, green, raw",22.9291,100.0,0.0,0.0,7.496,4.7781,0.0,0.0,0.0,0.05775,0.0,0.0,0.0,0.0,0.0,0.0,0.9419,22.21,0.0,0.1861,9.004,0.09991,0.0,0.6363,0.0,0.0,16.75,163.1,0.715,0.08875,0.0,0.0,0.0,0.0,0.0,0.03906,0.1063,0.0,0.0,0.2468,99.51,0.0,0.0,0.0,0.0,0.0,0.1256
2258589,"Peppers, bell, yellow, raw",30.7743,100.0,0.46,0.0,6.686,6.601725,0.0,0.0,0.0,0.04529,0.0,0.0,0.0,0.0,0.0,0.0,1.071,41.63,0.0,0.3596,10.34,0.1417,0.0,0.91,0.0,0.0,24.76,197.3,0.819375,0.09778,0.0,0.0,0.0,0.0,0.0,0.04867,0.1211,0.0,0.0,0.2918,138.8,0.0,0.0,0.0,0.0,0.0,0.193
2258590,"Peppers, bell, red, raw",31.3256,100.0,0.4267,0.0,6.361,6.653175,0.0,0.0,0.0,0.03983,0.0,0.0,0.0,0.0,0.0,0.0,1.158,47.32,0.0,0.3533,10.98,0.1328,0.0,1.024,0.0,0.0,26.59,212.7,0.895625,0.1422,0.0,0.0,0.0,0.0,0.0,0.05494,0.1256,0.0,0.0,0.3027,141.7,0.0,0.0,0.0,0.0,0.0,0.2023
2258591,"Peppers, bell, orange, raw",31.7404,100.0,0.58,0.0,4.899,6.703125,0.0,0.0,0.0,0.0351,0.0,0.0,0.0,0.0,0.0,0.0,0.9674,0.0,0.0,0.3652,10.43,0.1491,0.0,1.078,0.0,0.0,26.59,200.8,0.881875,0.1017,0.3,0.0,0.0,0.0,0.0,0.05456,0.1556,0.0,0.0,0.3324,158.3,0.0,0.0,0.0,0.0,0.0,0.2422
2259792,"Buttermilk, low fat",42.835,100.0,0.0,0.0,120.1,4.811522,4.793,0.0,0.0,0.00135,0.1988,0.0,0.5525,0.0,0.0,0.0,0.0,0.0,34.16,0.01325,11.03,0.0,0.0,0.1275,0.0,0.0,92.19,158.0,3.464978,0.1963,0.0,92.49,0.0,0.0,0.0,0.0485,1.081,0.0,0.0,0.03931,0.0,0.543,0.0,0.0,0.3,0.0,0.4263
2259793,"Yogurt, plain, whole milk",77.9524,100.0,0.0,0.0,126.8,5.574928,14.17,0.0,0.0,0.003175,0.8738,0.0,2.316,0.0,0.0,0.0,0.0,0.0,32.33,0.0,11.45,0.001539,0.0,0.135,0.0,0.0,101.2,164.1,3.824172,0.2431,0.0,41.78,0.0,4.0936,0.0,0.05519,4.484,0.0,0.0,0.04506,0.0,0.778,0.0,0.0,0.9,0.2,0.4283
2259794,"Yogurt, Greek, plain, whole milk",93.6776,100.0,0.0,0.0,110.9,4.75402,16.84,0.0,0.0,0.009513,0.9575,0.0,2.393,0.0,0.0,0.0,0.0,0.0,42.28,0.0,10.7,0.005738,0.0,0.2269,0.0,0.0,125.9,146.9,8.77888,0.2444,0.0,33.76,0.0,3.2474,0.0,0.05525,4.394,0.0,0.0,0.04394,0.0,0.0,0.0,0.0,1.0,0.2,0.473
2259795,"Cheese, parmesan, grated, refrigerated",403.384,100.0,0.0,0.0,950.4,4.33188,86.03,0.0,0.0,0.04233,6.016,0.0,17.17,0.0,0.0,0.0,0.0,0.0,82.9,0.1405,35.37,0.03713,0.0,0.1406,0.0,0.0,625.3,73.95,30.13912,0.4094,0.0,1046.0,0.0,0.63815,0.0,0.03486,29.5,0.0,0.0,0.02294,0.0,0.0,0.0,0.0,7.0,1.7,4.623
2259796,"Cheese, feta, whole milk, crumbled",272.884,100.0,0.4638,0.0,371.1,5.58318,57.52,0.0,0.0,0.03155,4.184,0.0,11.17,0.0,0.0,0.0,0.0,0.0,48.44,0.0675,17.69,0.02003,0.0,0.2644,0.0,0.0,327.6,105.3,19.70782,0.4444,0.0,1034.0,0.0,1.6257,0.0,0.05638,19.08,0.0,0.0,0.03831,0.0,0.0,0.0,0.0,4.8,1.2,2.353
2261420,"Flour, almond",622.042,100.0,69.09,0.0,232.3,16.24925,0.0,0.0,0.0,0.9753,0.0,0.0,0.0,0.0,0.0,0.0,9.266,37.83,0.0,3.225,251.1,1.813,36.13,3.998,0.0,0.0,512.1,666.8,26.24375,0.7475,0.7419,0.8944,0.0,0.0,0.0,0.1125,50.23,0.0,0.0,0.09988,0.0,0.0,0.0,0.0,0.0,0.0,2.795
2261421,"Flour, oat, whole grain",389.125,100.0,20.15,0.0,42.81,69.91725,0.0,0.0,0.0,0.4434,0.0,0.0,0.0,0.0,0.0,0.0,12.87,34.69,0.0,3.997,125.3,3.257,125.4,1.945,0.0,0.0,371.8,373.1,13.16875,0.1613,38.2,3.619,53.39,0.0,0.0,0.39,6.309,0.0,0.0,0.1476,0.0,0.0,0.0,0.0,0.0,0.0,2.754
2261422,"Flour, potato",360.7805,100.0,0.9763,0.0,44.12,79.9422,0.0,0.0,0.0,0.2309,0.0,0.0,0.0,0.0,0.0,0.0,16.55,41.15,0.0,11.97,73.65,0.6758,18.86,5.628,0.0,0.0,197.3,1269.0,8.1125,0.115,1.425,47.66,62.67,0.0,0.0,0.1981,0.9513,0.0,0.0,0.582,0.0,0.0,0.0,0.0,0.0,0.0,0.9002
2262072,"Peanut butter, creamy",631.65,100.0,87.81,0.0,49.85,22.70376,0.0,0.0,0.0,0.5405,30.71,9.781,8.415,0.0,0.0,0.0,6.323,97.29,0.0,1.853,192.6,1.681,0.0,17.2,0.0,0.0,393.2,654.0,23.99124,0.0,20.16,220.7,0.0,0.0,0.0,0.1206,49.43,0.0,0.0,0.3805,0.0,0.0,5.413,0.0,0.0,0.0,3.062
2262073,"Sesame butter, creamy",697.1376,100.0,13.31,0.0,115.8,14.179,0.0,0.0,0.0,1.646,22.57,26.37,8.966,0.0,0.0,0.0,8.372,108.4,0.0,7.003,356.8,1.609,0.0,5.813,0.0,0.0,719.3,407.7,19.7054,0.0,46.48,63.63,0.0,0.0,0.0,0.9928,62.4,0.0,0.0,0.5953,0.0,0.0,0.0,0.0,0.0,1.713,6.039
2262074,"Almond butter, creamy",645.456,100.0,57.31,0.0,263.8,21.23666,0.0,0.0,0.0,0.9746,34.69,12.61,4.253,0.0,0.0,0.0,9.718,42.46,0.0,4.108,267.8,2.135,0.0,3.909,0.0,0.0,506.9,745.4,20.78734,0.0,0.7938,0.9963,0.0,0.0,0.0,0.09456,53.04,0.0,0.0,0.08375,0.0,0.0,16.67,0.0,0.0,0.0,3.178
2262075,"Flaxseed, ground",545.084,100.0,33.8,0.0,229.9,34.3551,0.0,0.0,0.0,1.344,5.944,24.73,3.281,0.0,0.0,0.0,23.13,41.45,0.0,5.778,372.1,2.405,0.0,3.756,0.0,0.0,556.4,793.4,18.0359,0.0,135.9,36.74,0.0,0.0,0.0,0.5368,37.28,0.0,0.0,0.3926,0.0,0.0,0.0,0.0,0.0,3.675,4.738
2346384,"Cottage cheese, full fat, large or small curd",102.921,100.0,2.28,0.0,88.27,4.59964,18.0,0.0,0.0,0.0,0.916,0.0,2.601,0.0,0.0,0.0,0.0,0.0,45.69,0.0,9.189,0.0,0.0,0.138,0.0,0.0,154.0,123.6,11.62436,0.0,0.0,349.8,0.0,0.0,0.0,0.0522,4.225,0.0,0.6617,0.0466,0.0,0.0,0.0,0.0,1.3,0.2,0.4538
2346385,"Cream cheese, full fat, block",342.794,100.0,1.738,0.0,97.11,4.55615,101.0,0.0,0.0,0.0,6.924,0.0,19.73,0.0,0.0,0.0,0.0,0.0,34.93,0.0,8.914,0.0,0.0,0.0925,0.0,0.0,107.7,124.8,5.78985,0.0,0.0,367.8,0.0,0.0,0.0,0.03813,33.49,0.0,0.0,0.03925,0.0,0.0,0.0,0.0,9.9,2.4,0.5891
2346386,"Cream, heavy",343.31,100.0,1.438,0.0,61.21,3.799506,103.1,0.0,0.0,0.0,7.339,0.0,20.45,0.0,0.0,0.0,0.0,0.0,19.38,0.0,5.974,0.0,0.0,0.06125,0.0,0.0,57.03,96.94,2.017994,0.0,0.0,20.61,0.0,0.0,0.0,0.03225,35.56,0.0,0.0,0.031,0.0,0.0,0.0,0.0,8.9,2.4,0.2231
2346387,"Cream, sour, full fat",196.4148,100.0,1.913,0.0,107.2,5.555506,52.69,0.0,0.0,0.0,3.805,0.0,10.7,0.0,0.0,0.0,0.0,0.0,32.75,0.0,10.11,0.0,0.0,0.1,0.0,0.0,102.0,153.8,3.070694,0.0,0.0,50.04,0.0,0.0,0.0,0.04275,17.99,0.0,0.06175,0.0385,0.0,0.0,0.0,0.0,5.2,1.2,0.3919
2346388,"Lettuce, iceberg, raw",17.10875,100.0,0.0,0.0,14.24,3.36875,0.0,0.0,0.0,0.03335,0.0,0.0,0.0,0.0,0.0,0.0,0.0,0.0,0.0,0.03325,6.311,0.08164,0.0,0.2175,0.0,0.0,19.18,139.3,0.7425,0.0,0.0,16.11,0.0,0.0,0.0,0.05638,0.07375,0.0,0.0,0.04013,0.0,0.0,0.0,0.0,0.0,20.5,0.1728
2346389,"Lettuce, romaine, green, raw",20.77105,100.0,0.0,0.0,27.56,4.055575,0.0,0.0,0.0,0.04865,0.0,0.0,0.0,0.0,0.0,0.0,0.0,0.0,0.0,0.267,12.05,0.2271,0.0,0.3713,0.0,0.0,23.41,260.4,0.976875,0.0,0.0,23.0,0.0,0.0,0.0,0.06288,0.07125,0.0,0.0,0.06325,0.0,0.0,0.0,0.0,0.0,83.4,0.2516
2346390,"Lettuce, leaf, red, raw",17.5315,100.0,0.0,0.0,42.59,3.260575,0.0,0.0,0.0,0.03773,0.0,0.0,0.0,0.0,0.0,0.0,0.0,0.0,0.0,0.4023,12.4,0.177,0.0,0.3288,0.0,0.0,24.4,321.4,0.883125,0.0,0.0,24.89,0.0,0.0,0.0,0.06075,0.1063,0.0,0.0,0.07413,9.343,0.0,0.0,0.0,0.0,73.2,0.3033
2346391,"Lettuce, leaf, green, raw",22.0463,100.0,0.0,0.0,39.84,4.06615,0.0,0.0,0.0,0.03984,0.0,0.0,0.0,0.0,0.0,0.0,0.0,0.0,0.0,0.3195,12.77,0.1559,0.0,0.375,0.0,0.0,26.55,277.1,1.09375,0.0,0.0,28.88,0.0,0.0,0.0,0.08225,0.1563,0.0,0.0,0.07088,15.15,0.0,0.0,0.0,0.0,118.5,0.3103
2346392,"Nuts, pine nuts, raw",688.614,100.0,12.9,0.0,8.736,18.5921,0.0,0.0,0.0,1.119,0.0,0.0,0.0,0.0,0.0,0.0,3.941,0.0,0.0,5.36,205.9,10.25,3.284,4.466,0.0,0.0,540.0,654.8,15.7039,0.0,0.0,0.0,0.0,0.0,0.0,0.6253,61.27,0.0,0.0,0.2546,0.0,0.0,0.0,0.0,0.0,3.2,5.713
2346393,"Nuts, almonds, whole, raw",625.75,100.0,57.01,0.0,253.6,20.03462,0.0,0.0,0.0,0.9104,31.314,11.18,3.785,0.0,0.0,0.0,10.78,0.0,0.0,3.741,257.6,2.149,45.28,3.77,0.0,0.0,502.9,732.8,21.45038,0.0,0.0,0.0,0.0,0.0,0.0,0.1605,51.09,0.0,0.0,0.1008,0.0,0.0,0.0,0.0,0.0,0.0,2.865
2346394,"Nuts, walnuts, English, halves, raw",729.556,100.0,17.28,0.0,88.26,10.9096,0.0,0.0,0.0,1.206,9.625,49.331,6.054,0.0,0.0,0.0,5.21,0.0,0.0,2.235,142.4,2.995,21.0,1.218,0.0,0.0,365.1,423.5,14.5644,0.0,0.0,0.0,0.0,0.0,0.0,0.23,69.74,0.0,0.0,0.6603,0.0,0.0,0.0,0.0,0.0,1.7,2.76
2346395,"Nuts, pecans, halves, raw",750.152,100.0,22.66,0.0,54.83,12.6993,0.0,0.0,0.0,0.9065,39.282,22.924,6.465,0.0,0.0,0.0,5.793,0.0,0.0,2.371,102.9,2.28,15.57,0.9463,0.0,0.0,252.7,360.3,9.9587,0.0,0.0,0.0,0.0,0.0,0.0,0.5476,73.28,0.0,0.0,0.1711,0.0,0.0,0.0,0.0,0.0,4.1,3.93
2346396,"Oats, whole grain, rolled, old fashioned",381.626,100.0,21.9,0.0,45.53,68.65755,0.0,0.0,0.0,0.4278,0.0,0.0,0.0,0.0,0.0,0.0,10.42,32.03,0.0,4.339,126.3,3.234,160.4,0.9931,0.0,0.0,387.3,350.1,13.49645,0.0,25.35,0.6675,53.81,0.0,0.0,0.4063,5.89,0.0,0.0,0.1346,0.0,0.0,0.0,0.0,0.0,0.0,2.744
2346397,"Oats, whole grain, steel cut",381.248,100.0,22.0,0.0,51.34,69.75082,0.0,0.0,0.0,0.4113,0.0,0.0,0.0,0.0,0.0,0.0,11.95,29.99,0.0,3.801,128.6,3.414,163.5,0.9263,0.0,0.0,417.3,375.9,12.51118,0.0,29.04,0.3113,54.9,0.0,0.0,0.3338,5.8,0.0,0.0,0.1189,0.0,0.0,0.0,0.0,0.0,0.0,2.843
2346398,"Pineapple, raw",60.1113,100.0,0.0,0.0,12.5,14.0914625,0.0,0.0,0.0,0.09545,0.0,0.0,0.0,0.0,0.0,0.0,0.9346,0.0,0.0,0.054,13.38,0.866,0.0,0.2275,0.0,0.0,5.42,137.1,0.4609375,0.0,0.0,0.0,0.0,11.42,0.0,0.06375,0.2113,0.0,0.0,0.1101,58.61,0.0,0.0,0.0,0.0,0.0,0.1067
2346399,"Cherries, sweet, dark red, raw",70.5425,100.0,0.0,0.0,12.26,16.163125,0.0,0.0,0.0,0.06925,0.0,0.0,0.0,0.0,0.0,0.0,0.0,0.0,0.0,0.1054,12.11,0.07336,0.97,0.0,0.0,0.0,23.25,229.6,1.039375,0.0,0.0,0.0,0.0,13.872,0.0,0.0,0.1925,0.0,0.0,0.04888,10.39,0.0,0.0,0.0,0.0,0.0,0.06446
2346400,"Beans, snap, green, raw",39.9998,100.0,0.0,0.0,40.05,7.41245,0.0,0.0,0.0,0.09829,0.0,0.0,0.0,0.0,0.0,0.0,3.011,0.0,0.0,0.6516,28.21,0.3324,41.63,0.7313,0.0,0.0,41.15,290.4,1.96875,0.0,0.0,0.0,0.0,2.3338,0.0,0.06,0.275,0.0,0.0,0.121,0.0,0.0,0.0,0.0,0.0,43.9,0.3498
2346401,"Potatoes, russet, without skin, raw",83.42,100.0,0.0,0.0,7.801,17.77125,0.0,0.0,0.0,0.09118,0.0,0.0,0.0,0.0,0.0,0.0,14.93,0.0,0.0,0.3835,25.64,0.152,4.869,1.501,0.0,0.0,55.19,450.1,2.27375,0.0,0.0,2.743,0.0,0.5263,0.0,0.07375,0.36,0.0,0.0,0.1573,10.9,0.0,0.0,0.0,0.0,1.5,0.3781
2346402,"Potatoes, red, without skin, raw",75.5575,100.0,0.0,0.0,5.128,16.27,0.0,0.0,0.0,0.09124,0.0,0.0,0.0,0.0,0.0,0.0,13.79,0.0,0.0,0.3911,23.56,0.1648,7.408,1.481,0.0,0.0,55.65,472.0,2.0625,0.0,0.0,2.856,0.0,0.6639,0.0,0.06625,0.2475,0.0,0.0,0.1441,21.29,0.0,0.0,0.0,0.0,1.1,0.3923
2346403,"Potatoes, gold, without skin, raw",73.4738,100.0,0.0,0.0,5.943,15.9624,0.0,0.0,0.0,0.1304,0.0,0.0,0.0,0.0,0.0,0.0,13.83,0.0,0.0,0.3728,22.3,0.1598,7.836,1.585,0.0,0.0,56.95,445.8,1.8125,0.0,0.0,2.238,0.0,0.6451,0.0,0.05125,0.2638,0.0,0.0,0.145,23.3,0.0,0.0,0.0,0.0,0.8,0.3739
2346404,"Sweet potatoes, orange flesh, without skin, raw",78.999,100.0,0.0,0.0,22.33,17.327875,0.0,0.0,0.0,0.1866,0.0,0.0,0.0,0.0,0.0,0.0,4.441,0.0,0.0,0.398,19.14,0.4174,0.0,0.4325,0.0,0.0,36.73,486.4,1.578125,0.0,0.0,0.0,0.0,6.0588,0.0,0.045,0.375,0.0,0.0,0.1241,14.84,0.0,0.0,0.0,0.0,0.2,0.3374
2346405,"Celery, raw",16.6973,100.0,0.0,0.0,46.28,3.3165125,0.0,0.0,0.0,0.0,0.0,0.0,0.0,0.0,0.0,0.0,0.0,0.0,0.0,0.0,10.93,0.076,0.0,0.0,0.0,0.0,21.6,265.2,0.4921875,0.0,0.0,97.21,0.0,0.0,0.0,0.0,0.1625,0.0,0.0,0.05175,0.0,0.0,0.0,0.0,0.0,0.0,0.0929
2346406,"Cucumber, with peel, raw",15.9075,100.0,0.9625,0.0,16.34,2.9525,0.0,0.0,0.0,0.06299,0.0,0.0,0.0,0.0,0.0,0.0,0.0,0.0,0.0,0.0,10.11,0.08488,3.723,0.0,0.0,0.0,23.23,169.6,0.625,0.0,0.0,1.515,0.0,0.0,0.0,0.0,0.1775,0.0,0.0,0.0,0.0,0.0,0.0,0.0,0.0,24.0,0.204
2346407,"Cabbage, green, raw",31.4275,100.0,0.0,0.0,41.84,6.38375,0.0,0.0,0.0,0.0,0.0,0.0,0.0,0.0,0.0,0.0,0.0,0.0,0.0,0.06625,13.86,0.2479,6.943,0.0,0.0,0.0,26.93,207.1,0.96125,0.0,0.0,16.1,0.0,0.0,0.0,0.0,0.2275,0.0,0.0,0.1384,40.34,0.0,0.0,0.0,0.0,59.4,0.2112
2346408,"Cabbage, red, raw",34.0538,100.0,0.0,0.0,30.99,6.7899,0.0,0.0,0.0,0.0035,0.0,0.0,0.0,0.0,0.0,0.0,0.0,0.0,0.0,0.0,13.3,0.3094,6.009,0.0,0.0,0.0,35.84,269.1,1.2425,0.0,0.0,11.72,0.0,0.0,0.0,0.0,0.2138,0.0,0.0,0.1789,53.88,0.0,0.0,0.0,0.0,32.3,0.245
2346409,"Strawberries, raw",36.4,100.0,0.19,0.0,16.9,7.964375,0.0,0.0,0.0,0.03471,0.0,0.0,0.0,0.0,0.0,0.0,0.0,0.0,0.0,0.255,12.52,0.3675,0.0,0.0,0.0,0.0,22.98,160.7,0.640625,0.0,0.0,0.0,0.0,4.862,0.0,0.0,0.22,0.0,0.0,0.0,59.62,0.0,0.0,0.0,0.0,0.0,0.114
2346410,"Raspberries, raw",57.3375,100.0,3.433,0.0,16.41,12.904375,0.0,0.0,0.0,0.05289,0.0,0.0,0.0,0.0,0.0,0.0,0.0,0.0,0.0,0.4501,19.15,0.4935,0.0,0.0,0.0,0.0,27.47,155.8,1.008125,0.0,0.0,0.0,0.0,2.6759,0.0,0.0,0.1875,0.0,0.0,0.0,23.04,0.0,0.0,0.0,0.0,0.0,0.2213
2346411,"Blueberries, raw",63.8563,100.0,0.3,0.0,11.69,14.571775,0.0,0.0,0.0,0.04605,0.0,0.0,0.0,0.0,0.0,0.0,0.0,0.0,0.0,0.3398,6.179,0.4228,0.0,0.0,0.0,0.0,12.96,85.64,0.703125,0.0,0.0,0.0,0.0,9.356,0.0,0.0,0.3063,0.0,0.0,0.0,8.059,0.0,0.0,0.0,0.0,0.0,0.08534
2346412,"Grapes, red, seedless, raw",85.919,100.0,0.1222,0.0,10.17,20.196825,0.0,0.0,0.0,0.08081,0.0,0.0,0.0,0.0,0.0,0.0,0.0,0.0,0.0,0.1615,8.556,0.09758,0.0,0.0,0.0,0.0,24.86,229.4,0.914375,0.0,0.0,6.999,0.0,17.341,0.0,0.0,0.1638,0.0,0.0,0.0,3.308,0.0,0.0,0.0,0.0,0.0,0.03603
2346413,"Grapes, green, seedless, raw",80.1025,100.0,0.1111,0.0,9.897,18.60375,0.0,0.0,0.0,0.06091,0.0,0.0,0.0,0.0,0.0,0.0,0.0,0.0,0.0,0.1991,7.118,0.08365,0.0,0.0,0.0,0.0,21.98,218.1,0.89875,0.0,0.0,3.171,0.0,16.133,0.0,0.0,0.2325,0.0,0.0,0.0,3.017,0.0,0.0,0.0,0.0,0.0,0.02674
2346414,"Applesauce, unsweetened, with added vitamin C",51.6025,100.0,0.0,0.0,3.821,12.2615625,0.0,0.0,0.0,0.03905,0.0,0.0,0.0,0.0,0.0,0.0,0.0,0.0,0.0,0.04475,3.938,0.0368,0.0,0.0,0.0,0.0,9.119,107.7,0.2734375,0.0,0.0,0.5038,0.0,9.663,0.0,0.0,0.1625,0.0,0.0,0.0,43.69,0.0,0.0,0.0,0.0,0.0,0.002625
2512371,"Flour, amaranth",384.076,100.0,25.36,0.0,135.2,68.7787,0.0,0.0,0.0,0.5179,0.0,0.0,0.0,0.0,0.0,0.0,9.036,0.0,0.0,7.56,232.7,2.305,35.09,0.7475,0.0,0.0,424.9,395.8,13.2093,0.175,21.1,0.0,55.69,0.0,0.0,0.05875,6.236,0.0,0.0,0.3873,0.0,0.0,0.0,0.0,0.0,0.0,3.001
2512372,"Flour, quinoa",385.197,100.0,26.25,0.0,37.56,69.52465,0.0,0.0,0.0,0.4819,0.0,0.0,0.0,0.0,0.0,0.0,6.953,0.0,0.0,4.528,163.8,2.015,17.55,1.211,0.0,0.0,369.3,550.9,11.92235,0.3163,4.1,6.321,58.09,0.0,0.0,0.345,6.601,0.0,0.0,0.2224,0.0,0.0,0.0,0.0,0.0,0.0,2.77
2512373,"Flour, sorghum",374.93,100.0,24.23,0.0,11.41,77.39123,0.0,0.0,0.0,0.2368,0.0,0.0,0.0,0.0,0.0,0.0,8.16,0.0,0.0,3.721,116.4,1.078,48.16,3.953,0.0,0.0,261.9,335.1,8.27277,0.15,12.4,0.0,66.27,0.0,0.0,0.27,3.586,0.0,0.0,0.1656,0.0,0.0,0.0,0.0,0.0,0.0,1.66
2512374,"Flour, buckwheat",357.968,100.0,15.09,0.0,30.55,75.01808,0.0,0.0,0.0,0.5299,0.0,0.0,0.0,0.0,0.0,0.0,11.38,0.0,0.0,3.84,167.4,1.544,44.55,3.839,0.0,0.0,281.9,378.1,8.88492,0.16,15.7,0.0,59.0,0.0,0.0,0.2413,2.484,0.0,0.0,0.1699,0.0,0.0,0.0,0.0,0.0,0.0,1.755
2512375,"Flour, rye",359.4,100.0,8.975,0.0,32.24,77.1618,0.0,0.0,0.0,0.3384,0.0,0.0,0.0,0.0,0.0,0.0,17.9,0.0,0.0,2.536,95.39,2.129,75.46,1.163,0.0,0.0,280.3,434.0,8.3952,0.17,16.6,0.0,54.11,0.0,0.0,0.2163,1.908,0.0,0.0,0.1638,0.0,0.0,0.0,0.0,0.0,0.0,2.328
2512376,"Flour, barley",366.53,100.0,8.614,0.0,35.56,77.39832,0.0,0.0,0.0,0.3936,0.0,0.0,0.0,0.0,0.0,0.0,16.15,0.0,0.0,3.301,88.04,1.181,57.36,5.941,0.0,0.0,234.4,366.6,8.72168,0.1463,13.1,20.33,56.86,0.0,0.0,0.225,2.45,0.0,0.0,0.1995,0.0,0.0,0.0,0.0,0.0,0.0,2.144
2512377,"Flour, cassava",357.369,100.0,0.5188,0.0,74.55,87.312975,0.0,0.0,0.0,0.07663,0.0,0.0,0.0,0.0,0.0,0.0,7.655,0.0,0.0,3.988,33.56,0.3954,2.534,0.6,0.0,0.0,39.24,197.6,0.918225,0.0675,0.0,13.08,79.72,0.0,0.0,0.05125,0.4938,0.0,0.0,0.04988,0.0,0.0,0.0,0.0,0.0,0.0,0.4099
2512378,"Buckwheat, whole grain",356.135,100.0,18.65,0.0,13.64,71.13066,0.0,0.0,0.0,0.4764,0.0,0.0,0.0,0.0,0.0,0.0,4.805,0.0,0.0,2.444,203.0,1.23,55.25,5.366,0.0,0.0,373.7,414.5,11.06534,0.1775,13.6,0.0,61.61,0.0,0.0,0.5388,3.039,0.0,0.0,0.2776,0.0,0.0,0.0,0.0,0.0,0.0,2.236
2512379,"Millet, whole grain",375.618,100.0,11.43,0.0,9.105,74.44623,0.0,0.0,0.0,0.4883,0.0,0.0,0.0,0.0,0.0,0.0,3.326,0.0,0.0,2.534,105.5,0.9239,29.54,4.86,0.0,0.0,257.9,214.1,10.02177,0.1363,23.1,0.0,67.06,0.0,0.0,0.4113,4.194,0.0,0.0,0.1918,0.0,0.0,0.0,0.0,0.0,0.0,2.258
2512380,"Rice, brown, long grain, unenriched, raw",365.518,100.0,4.988,0.0,8.058,76.68795,0.0,0.0,0.0,0.2659,0.0,0.0,0.0,0.0,0.0,0.0,4.296,0.0,0.0,1.242,115.0,2.696,63.94,6.271,0.0,0.0,302.8,250.1,7.25305,0.1025,14.8,0.0,71.6,0.0,0.0,0.3263,3.306,0.0,0.0,0.1606,0.0,0.0,0.0,0.0,0.0,0.0,1.854
2512381,"Rice, white, long grain, unenriched, raw",358.705,100.0,0.0,0.0,4.46,80.31315,0.0,0.0,0.0,0.2138,0.0,0.0,0.0,0.0,0.0,0.0,2.771,0.0,0.0,0.1405,26.53,0.9811,64.18,1.434,0.0,0.0,108.2,82.26,7.03885,0.08,6.6,0.4625,74.36,0.0,0.0,0.065,1.033,0.0,0.0,0.05788,0.0,0.0,0.0,0.0,0.0,0.0,1.354
2514743,"Beef, ground, 90% lean meat / 10% fat, raw",184.8648,100.0,0.0,0.0,7.135,0.0,65.9,0.0,0.0,0.05616,4.477,0.361,5.051,0.484,0.0,0.0,0.0,0.0,0.0,2.128,16.49,0.0,0.0,0.0,0.0,0.0,148.0,281.4,18.15625,0.0,0.0,61.64,0.0,0.0,0.0,0.0,12.85,0.0,0.0,0.0,0.0,0.0,0.0,0.0,0.0,0.0,4.194
2514744,"Beef, ground, 80% lean meat / 20% fat, raw",242.61,100.0,0.0,0.0,6.889,0.0,67.74,0.0,0.0,0.0551,7.247,0.485,6.845,0.7,0.0,0.0,0.0,0.0,0.0,1.965,16.41,0.0,0.0,0.0,0.0,0.0,144.4,273.3,17.53125,0.0,0.0,54.94,0.0,0.0,0.0,0.0,19.44,0.0,0.0,0.0,0.0,0.0,0.0,0.0,0.0,0.0,3.848
2514745,"Pork, ground, raw",228.2728,100.0,0.0,0.0,5.857,0.0,71.16,0.0,0.0,0.0666,7.777,2.553,6.283,0.066,0.0,0.0,0.0,0.0,0.0,0.7876,19.03,0.0,0.0,0.0,0.0,0.0,173.3,317.7,17.80625,0.0,0.0,53.63,0.0,0.0,0.0,0.0,17.49,0.0,0.0,0.0,0.0,0.0,0.0,0.0,0.0,0.0,2.226
2514746,"Chicken, ground, with additives, raw",133.0498,100.0,0.0,0.0,5.819,0.0,81.69,0.0,0.0,0.03619,2.173,1.38,1.559,0.021,0.0,0.0,0.0,0.0,0.0,0.5926,20.51,0.005025,0.0,0.0,0.0,0.0,165.5,301.7,17.9125,0.0,0.0,62.95,0.0,0.0,0.0,0.0,7.161,0.0,0.0,0.0,0.0,0.0,0.0,0.0,0.0,0.0,1.177
2514747,"Turkey, ground, 93% lean/ 7% fat, raw",152.615,100.0,0.0,0.0,23.63,0.0,82.26,0.0,0.0,0.07624,2.874,2.59,2.264,0.081,0.0,0.0,0.0,0.0,0.0,1.087,17.3,0.01581,0.0,0.0,0.0,0.0,162.0,246.3,17.34375,0.0,0.0,80.18,0.0,0.0,0.0,0.0,9.591,0.0,0.0,0.0,0.0,0.0,0.0,0.0,0.0,0.0,2.95
2515373,"Nuts, brazilnuts, raw",663.586,100.0,0.0,0.0,167.8,21.64216,0.0,0.0,0.0,1.739,0.0,0.0,0.0,0.0,0.0,0.0,5.984,0.0,0.0,2.474,351.3,1.26,0.0,0.0,0.0,0.0,706.9,592.5,15.03684,0.0,280.4,0.0,0.0,0.0,0.0,0.0,57.43,0.0,0.0,0.0,0.0,0.0,0.0,0.0,0.0,0.0,3.824
2515374,"Nuts, cashew nuts, raw",564.664,100.0,0.0,0.0,41.95,36.2887,0.0,0.0,0.0,2.218,0.0,0.0,0.0,0.0,0.0,0.0,4.104,0.0,0.0,5.988,250.6,1.949,0.0,0.0,0.0,0.0,532.2,638.3,17.4423,0.0,20.67,4.759,0.0,0.0,0.0,0.0,38.86,0.0,0.0,0.0,0.0,0.0,0.0,0.0,0.0,0.0,5.071
2515375,"Nuts, hazelnuts or filberts, raw",641.39,100.0,0.0,0.0,134.7,26.5012,0.0,0.0,0.0,1.413,0.0,0.0,0.0,0.0,0.0,0.0,8.41,0.0,0.0,3.465,155.8,6.059,0.0,0.0,0.0,0.0,321.1,635.9,13.4938,0.0,0.0,0.0,0.0,0.0,0.0,0.0,53.49,0.0,0.0,0.0,0.0,0.0,0.0,0.0,0.0,0.0,2.334
2515376,"Peanuts, raw",588.332,100.0,0.0,0.0,49.13,26.498,0.0,0.0,0.0,0.4595,0.0,0.0,0.0,0.0,0.0,0.0,8.014,0.0,0.0,1.554,179.7,1.68,0.0,0.0,0.0,0.0,380.4,635.6,23.205,0.0,17.81,1.493,0.0,0.0,0.0,0.0,43.28,0.0,0.0,0.0,0.0,0.0,0.0,0.0,0.0,0.0,2.78
2515377,"Flour, chestnut",384.672,100.0,0.0,0.0,55.81,80.45025,0.0,0.0,0.0,0.581,1.256,1.515,0.689,0.0,0.0,0.0,8.711,0.0,0.0,1.621,68.75,2.901,0.0,0.0,0.0,0.0,134.2,1032.0,5.28675,0.0,0.0,0.0,0.0,0.0,0.0,0.0,4.636,0.0,0.0,0.0,4.05,0.0,0.0,0.0,0.0,0.0,1.038
2515378,"Nuts, macadamia nuts, raw",711.89,100.0,0.0,0.0,52.71,24.0943,0.0,0.0,0.0,0.4455,0.0,0.0,0.0,0.0,0.0,0.0,7.563,0.0,0.0,1.881,106.8,11.3,0.0,0.0,0.0,0.0,208.4,372.6,7.7857,0.0,32.62,0.0,0.0,0.0,0.0,0.0,64.93,0.0,0.0,0.0,0.0,0.0,0.0,0.0,0.0,0.0,1.2
2515379,"Nuts, pistachio nuts, raw",597.98,100.0,0.0,0.0,117.4,27.6943,0.0,0.0,0.0,1.054,0.0,0.0,0.0,0.0,0.0,0.0,6.969,0.0,0.0,3.456,109.7,1.05,0.0,0.0,0.0,0.0,499.6,947.0,20.5057,0.0,23.12,0.0,0.0,0.0,0.0,0.0,45.02,0.0,0.0,0.0,0.0,0.0,0.0,0.0,0.0,0.0,2.176
2515380,"Seeds, pumpkin seeds (pepitas), raw",554.602,100.0,0.0,0.0,37.38,18.6751,0.0,0.0,0.0,1.225,0.0,0.0,0.0,0.0,0.0,0.0,5.079,0.0,0.0,8.363,499.7,4.121,0.0,0.0,0.0,0.0,1150.0,691.2,29.9079,0.0,20.52,0.0,0.0,0.0,0.0,0.0,40.03,0.0,0.0,0.0,0.0,0.0,0.0,0.0,0.0,0.0,6.341
2515381,"Seeds, sunflower seed, kernel, raw",609.456,100.0,0.0,0.0,115.6,24.5007,0.0,0.0,0.0,1.875,0.0,0.0,0.0,0.0,0.0,0.0,7.215,0.0,0.0,4.37,301.9,2.63,0.0,0.0,0.0,0.0,732.0,656.8,18.8733,0.0,17.78,0.0,0.0,0.0,0.0,0.0,48.44,0.0,0.0,0.0,0.0,0.0,0.0,0.0,0.0,0.0,5.578
2515382,"Flour, coconut",437.684,100.0,0.0,0.0,35.98,58.9025,0.0,0.0,0.0,2.081,0.806,0.111,13.999,0.0,0.0,0.0,34.24,0.0,0.0,8.018,247.7,5.293,0.0,0.0,0.0,0.0,507.2,2088.0,16.1385,0.0,26.76,46.94,0.0,0.0,0.0,0.0,15.28,0.0,0.0,0.0,0.0,0.0,0.0,0.0,0.0,0.0,3.698
2644281,"Beans, cannellini, dry",345.223,100.0,0.0,0.0,142.9,59.7955,0.0,0.0,0.0,0.7419,0.0,0.0,0.0,0.0,0.0,0.0,0.0,0.0,0.0,6.673,153.6,1.784,0.0,0.0,0.0,0.0,412.3,1424.0,21.5625,0.0,0.0,0.0,29.87,0.0,0.0,0.0,2.199,0.0,0.0,0.0,0.0,0.0,0.0,0.0,0.0,0.0,2.72
2644282,"Chickpeas, (garbanzo beans, bengal gram), dry",382.998,100.0,0.0,0.0,111.1,60.358,0.0,0.0,0.0,0.8041,0.0,0.0,0.0,0.0,0.0,0.0,0.0,0.0,0.0,5.094,134.8,3.581,0.0,0.0,0.0,0.0,353.1,1074.0,21.275,0.0,0.0,8.779,34.14,0.0,0.0,0.0,6.274,0.0,0.0,0.0,0.0,0.0,0.0,0.0,0.0,0.0,3.124
2644283,"Lentils, dry",360.285,100.0,0.0,0.0,61.85,62.17125,0.0,0.0,0.0,0.8376,0.0,0.0,0.0,0.0,0.0,0.0,0.0,0.0,0.0,7.158,106.7,1.569,0.0,0.0,0.0,0.0,373.6,948.9,23.56875,0.0,0.0,0.0,37.13,0.0,0.0,0.0,1.925,0.0,0.0,0.0,0.0,0.0,0.0,0.0,0.0,0.0,3.863
2644284,"Blackeye pea, dry",354.015,100.0,0.0,0.0,71.4,61.836,0.0,0.0,0.0,0.9359,0.0,0.0,0.0,0.0,0.0,0.0,0.0,0.0,0.0,5.93,183.9,1.288,0.0,0.0,0.0,0.0,427.6,1243.0,21.225,0.0,0.0,3.458,37.38,0.0,0.0,0.0,2.419,0.0,0.0,0.0,0.0,0.0,0.0,0.0,0.0,0.0,3.654
2644285,"Beans, black, canned, sodium added, drained and rinsed",118.361,100.0,0.0,0.0,43.31,19.8135,0.0,0.0,0.0,0.3359,0.0,0.0,0.0,0.0,0.0,0.0,6.688,0.0,0.0,1.688,32.54,0.3324,0.0,0.0,0.0,0.0,90.95,253.1,6.9125,0.0,0.0,217.9,11.83,0.0,0.0,0.0,1.273,0.0,0.0,0.0,0.0,0.0,0.0,0.0,0.0,0.0,0.7399
2644286,"Beans, navy, canned, sodium added, drained and rinsed",118.79,100.0,0.0,0.0,63.91,19.98325,0.0,0.0,0.0,0.29,0.0,0.0,0.0,0.0,0.0,0.0,6.85,0.0,0.0,1.599,29.56,0.3771,0.0,0.0,0.0,0.0,86.71,183.7,6.56875,0.0,0.0,190.1,12.07,0.0,0.0,0.0,1.398,0.0,0.0,0.0,0.0,0.0,0.0,0.0,0.0,0.0,0.6313
2644287,"Beans, cannellini, canned, sodium added, drained and rinsed",115.445,100.0,0.0,0.0,69.19,18.8185,0.0,0.0,0.0,0.2193,0.0,0.0,0.0,0.0,0.0,0.0,6.763,0.0,0.0,1.405,29.29,0.3686,0.0,0.0,0.0,0.0,94.74,202.6,7.4125,0.0,0.0,164.0,11.33,0.0,0.0,0.0,1.169,0.0,0.0,0.0,0.0,0.0,0.0,0.0,0.0,0.0,0.5155
2644288,"Chickpeas (garbanzo beans, bengal gram), canned, sodium added, drained and rinsed",137.22,100.0,0.0,0.0,40.48,20.32025,0.0,0.0,0.0,0.2674,0.0,0.0,0.0,0.0,0.0,0.0,5.925,0.0,0.0,1.042,28.41,0.7448,0.0,0.0,0.0,0.0,86.48,136.8,7.01875,0.0,0.0,201.7,12.81,0.0,0.0,0.0,3.096,0.0,0.0,0.0,0.0,0.0,0.0,0.0,0.0,0.0,0.7243
2644289,"Beans, kidney, dark red, canned, sodium added, sugar added, drained and rinsed",126.624,100.0,0.0,0.0,56.94,21.03,0.0,0.0,0.0,0.273,0.0,0.0,0.0,0.0,0.0,0.0,7.013,0.0,0.0,1.439,29.31,0.3285,0.0,0.0,0.0,0.0,104.1,226.9,7.8,0.0,0.0,172.3,12.16,0.0,0.0,0.0,1.256,0.0,0.0,0.0,0.0,0.0,0.0,0.0,0.0,0.0,0.56
2644290,"Beans, kidney, light red, canned, sodium added, sugar added, drained and rinsed",126.703,100.0,0.0,0.0,60.25,21.44675,0.0,0.0,0.0,0.2713,0.0,0.0,0.0,0.0,0.0,0.0,7.4,0.0,0.0,1.305,25.49,0.3453,0.0,0.0,0.0,0.0,93.56,209.4,7.30625,0.0,0.0,158.5,13.11,0.0,0.0,0.0,1.299,0.0,0.0,0.0,0.0,0.0,0.0,0.0,0.0,0.0,0.526
2644291,"Peas, green, sweet, canned, sodium added, sugar added, drained and rinsed",80.145,100.0,0.0,0.0,28.21,12.707625,0.0,0.0,0.0,0.1233,0.0,0.0,0.0,0.0,0.0,0.0,5.95,0.0,0.0,1.139,21.91,0.2849,0.0,0.0,0.0,0.0,77.74,109.2,4.734375,0.0,0.0,207.4,4.485,0.0,0.0,0.0,1.153,0.0,0.0,0.0,0.0,0.0,0.0,0.0,0.0,0.0,0.712
2644292,"Beans, pinto, canned, sodium added, drained and rinsed",116.57,100.0,0.0,0.0,55.23,19.60025,0.0,0.0,0.0,0.2546,0.0,0.0,0.0,0.0,0.0,0.0,7.088,0.0,0.0,1.284,27.49,0.3168,0.0,0.0,0.0,0.0,83.11,209.6,6.69375,0.0,0.0,201.6,11.64,0.0,0.0,0.0,1.266,0.0,0.0,0.0,0.0,0.0,0.0,0.0,0.0,0.0,0.6248
2644293,"Blackeye pea, canned, sodium added, drained and rinsed",116.0276,100.0,0.0,0.0,27.78,19.1659,0.0,0.0,0.0,0.2846,0.0,0.0,0.0,0.0,0.0,0.0,4.338,0.0,0.0,1.084,27.26,0.2224,0.0,0.0,0.0,0.0,83.03,138.1,6.925,0.0,0.0,226.7,13.55,0.0,0.0,0.0,1.296,0.0,0.0,0.0,0.0,0.0,0.0,0.0,0.0,0.0,0.655
2644294,"Beans, great northern, canned, sodium added, drained and rinsed",116.834,100.0,0.0,0.0,67.16,19.32875,0.0,0.0,0.0,0.2558,0.0,0.0,0.0,0.0,0.0,0.0,6.913,0.0,0.0,1.382,29.3,0.4628,0.0,0.0,0.0,0.0,88.61,213.1,7.03125,0.0,0.0,223.1,11.68,0.0,0.0,0.0,1.266,0.0,0.0,0.0,0.0,0.0,0.0,0.0,0.0,0.0,0.6349
2646168,"Pork, loin, boneless, raw",167.769,100.0,0.0,0.0,4.111,-0.48175,55.93,0.0,0.0,0.0382,3.946,1.379,3.285,0.02875,0.0,0.0,0.0,0.0,0.0,0.4519,21.96,0.0,0.0,0.0,0.0,0.0,196.8,361.2,21.11875,0.0,0.0,40.2,0.0,0.0,0.0,0.0,9.469,0.0,0.0,0.0,0.0,0.0,0.0,0.0,0.0,0.0,1.57
2646169,"Pork, loin, tenderloin, boneless, raw",119.039,100.0,0.0,0.0,4.528,-0.59425,59.58,0.0,0.0,0.07724,0.8625,0.4175,0.8663,0.01,0.0,0.0,0.0,0.0,0.0,0.9293,24.66,0.002588,0.0,0.0,0.0,0.0,217.4,397.4,21.58125,0.0,0.0,41.39,0.0,0.0,0.0,0.0,3.899,0.0,0.0,0.0,0.0,0.0,0.0,0.0,0.0,0.0,1.773
2646170,"Chicken, breast, boneless, skinless, raw",106.034,100.0,0.0,0.0,3.939,-0.368,72.73,0.0,0.0,0.003638,0.3688,0.2963,0.3488,0.00875,0.0,0.0,0.0,0.0,0.0,0.3543,26.2,0.0,0.0,0.0,0.0,0.0,214.9,330.1,22.525,0.0,0.0,65.75,0.0,0.0,0.0,0.0,1.934,0.0,0.0,0.0,0.0,0.0,0.0,0.0,0.0,0.0,0.6545
2646171,"Chicken, thigh, boneless, skinless, raw",144.07,100.0,0.0,0.0,5.65,-0.406,91.66,0.0,0.0,0.04235,2.239,1.42,1.658,0.02375,0.0,0.0,0.0,0.0,0.0,0.6018,21.8,0.0,0.0,0.0,0.0,0.0,178.3,271.8,18.6125,0.0,0.0,62.33,0.0,0.0,0.0,0.0,7.916,0.0,0.0,0.0,0.0,0.0,0.0,0.0,0.0,0.0,1.348
2646172,"Beef, ribeye, steak, boneless, choice, raw",254.11,100.0,0.0,0.0,4.173,-0.30625,62.66,0.0,0.0,0.04263,7.731,0.6286,7.966,0.9743,0.0,0.0,0.0,0.0,0.0,1.641,16.68,0.0,0.0,0.0,0.0,0.0,149.7,288.0,18.74375,0.0,0.0,42.54,0.0,0.0,0.0,0.0,20.04,0.0,0.0,0.0,0.0,0.0,0.0,0.0,0.0,0.0,4.063
2646173,"Beef, round, top round, boneless, choice, raw",140.635,100.0,0.0,0.0,4.07,0.852,59.26,0.0,0.0,0.05515,1.7,0.2383,1.695,0.2283,0.0,0.0,0.0,0.0,0.0,1.901,22.08,0.002875,0.0,0.0,0.0,0.0,192.3,351.5,21.475,0.0,0.0,45.54,0.0,0.0,0.0,0.0,5.703,0.0,0.0,0.0,0.0,0.0,0.0,0.0,0.0,0.0,3.778
2646174,"Beef, chuck, roast, boneless, choice, raw",231.7048,100.0,0.0,0.0,4.576,-0.5238,66.75,0.0,0.0,0.05405,7.021,0.5557,6.341,0.6686,0.0,0.0,0.0,0.0,0.0,2.059,16.99,0.0,0.0,0.0,0.0,0.0,151.0,281.1,18.4,0.0,0.0,48.44,0.0,0.0,0.0,0.0,17.8,0.0,0.0,0.0,0.0,0.0,0.0,0.0,0.0,0.0,5.386
2646175,"Beef, flank, steak, boneless, choice, raw",163.8998,100.0,0.0,0.0,3.836,-0.30405,57.7,0.0,0.0,0.04471,3.589,0.3143,3.551,0.3886,0.0,0.0,0.0,0.0,0.0,1.834,18.86,0.001688,0.0,0.0,0.0,0.0,167.3,331.8,20.13125,0.0,0.0,51.3,0.0,0.0,0.0,0.0,9.399,0.0,0.0,0.0,0.0,0.0,0.0,0.0,0.0,0.0,5.563
2647437,"Yogurt, plain, nonfat",50.0015,100.0,0.0,0.0,167.4,8.07675,3.375,0.0,0.0,0.0,0.0,0.0,0.0,0.0,0.0,0.0,0.0,0.0,58.72,0.0,15.21,0.0,0.0,0.0,0.0,0.0,127.0,210.5,4.22675,0.0,0.0,51.48,0.0,0.0,0.0,0.0,0.0875,0.0,0.0,0.0,0.0,0.217,0.0,0.0,0.0,0.0,0.5989
2647438,"Cheese, monterey jack, solid",391.73,100.0,0.0,0.0,714.6,1.8979,99.76,0.0,0.0,0.0,6.679,0.0,19.16,0.0,0.0,0.0,0.0,0.0,35.9,0.0,29.6,0.01113,0.0,0.0,0.0,0.0,470.9,82.94,22.6171,0.0,0.0,662.2,0.0,0.0,0.0,0.0,32.63,0.0,0.0,0.0,0.0,0.0,0.0,0.0,0.0,0.0,3.785
2647439,"Cheese, pasteurized process cheese food or product, American, singles",309.768,100.0,0.0,0.0,1498.0,8.1898,73.24,0.0,0.0,0.0,4.886,0.0,13.7,0.0,0.0,0.0,0.0,0.0,52.53,1.303,34.6,0.06518,0.0,0.0,0.0,0.0,880.0,211.8,15.5672,0.0,0.0,1420.0,0.0,0.0,0.0,0.0,23.86,0.0,0.0,0.0,0.0,4.42,0.0,0.0,0.0,0.0,2.379
2647440,"Cheese, provolone, sliced",356.794,100.0,0.0,0.0,748.8,2.45312,85.43,0.0,0.0,0.0,5.738,0.0,16.24,0.0,0.0,0.0,0.0,0.0,64.27,0.0,29.5,0.02996,0.0,0.0,0.0,0.0,494.1,94.84,23.45288,0.0,0.0,600.9,0.0,0.0,0.0,0.0,28.13,0.0,0.0,0.0,0.0,0.0,0.0,0.0,0.0,0.0,3.89
2647441,"Cheese, oaxaca, solid",297.088,100.0,0.0,0.0,532.3,2.40202,65.53,0.0,0.0,0.0,4.736,0.0,12.71,0.0,0.0,0.0,0.0,0.0,45.72,0.0,21.58,0.02061,0.0,0.0,0.0,0.0,380.4,80.73,22.14498,0.0,0.0,734.2,0.0,0.0,0.0,0.0,22.1,0.0,0.0,0.0,0.0,0.0,0.0,0.0,0.0,0.0,3.506
2647442,"Cheese, queso fresco, solid",297.608,100.0,0.0,0.0,601.8,2.9572,76.09,0.0,0.0,0.0,4.964,0.0,13.95,0.0,0.0,0.0,0.0,0.0,79.89,0.0,27.64,0.0,0.0,0.0,0.0,0.0,389.8,126.4,18.8848,0.0,0.0,626.5,0.0,0.0,0.0,0.0,23.36,0.0,0.0,0.0,0.0,0.0,0.0,0.0,0.0,0.0,2.908
2647443,"Cheese, cotija, solid",351.4,100.0,0.0,0.0,699.6,2.72432,89.26,0.0,0.0,0.0,5.931,0.0,15.89,0.0,0.0,0.0,0.0,0.0,64.75,0.0,29.9,0.01704,0.0,0.0,0.0,0.0,485.5,116.7,23.83568,0.0,0.0,1625.0,0.0,0.0,0.0,0.0,27.24,0.0,0.0,0.0,0.0,0.0,0.0,0.0,0.0,0.0,3.597
2684440,"Fish, salmon, sockeye, wild caught, raw",129.984,100.0,0.0,0.0,14.84,-0.91,59.3,0.0,0.0,0.0616,0.0,0.0,0.0,0.0,0.0,0.0,0.0,0.0,18.38,0.4024,26.15,0.0,0.0,0.0,0.0,0.0,226.3,329.7,22.3,0.0,30.2,53.3,0.0,0.0,0.0,0.0,4.936,0.0,5.16,0.0,0.0,0.0,0.0,0.0,0.0,0.0,0.4246
2684441,"Fish, salmon, Atlantic, farm raised, raw",197.294,100.0,0.0,0.0,9.423,-0.49275,62.11,0.0,0.0,0.02469,0.0,0.0,0.0,0.0,0.0,0.0,0.0,0.0,3.242,0.2588,25.39,0.0,0.0,0.0,0.0,0.0,230.3,378.2,20.31875,0.0,22.8,49.49,0.0,0.0,0.0,0.0,13.11,0.0,5.696,0.0,0.0,0.0,0.0,0.0,0.0,0.0,0.3394
2684442,"Fish, tilapia, farm raised, raw",94.659,100.0,0.0,0.0,8.628,-0.913,47.6,0.0,0.0,0.0,0.0,0.0,0.0,0.0,0.0,0.0,0.0,0.0,4.145,0.0,24.28,0.005325,0.0,0.0,0.0,0.0,159.4,342.4,19.0,0.0,20.51,93.66,0.0,0.0,0.0,0.0,2.479,0.0,0.7594,0.0,0.0,0.0,0.0,0.0,0.0,0.0,0.2995
2684443,"Crustaceans, shrimp, farm raised, raw",71.4265,100.0,0.0,0.0,64.63,0.48495,136.0,0.0,0.0,0.2084,0.0,0.0,0.0,0.0,0.0,0.0,0.0,0.0,13.64,0.5223,22.53,0.02866,0.0,0.0,0.0,0.0,190.6,145.9,15.56875,0.0,19.48,474.9,0.0,0.0,0.0,0.0,0.8013,0.0,0.9963,0.0,0.0,0.0,0.0,0.0,0.0,0.0,0.9368
2684444,"Fish, cod, Atlantic, wild caught, raw",65.9855,100.0,0.0,0.0,6.59,-1.07425,47.44,0.0,0.0,0.003963,0.0,0.0,0.0,0.0,0.0,0.0,0.0,0.0,113.7,0.065,17.98,0.0,0.0,0.0,0.0,0.0,224.1,245.1,16.06875,0.0,22.79,298.8,0.0,0.0,0.0,0.0,0.6675,0.0,1.248,0.0,0.0,0.0,0.0,0.0,0.0,0.0,0.3051
2684445,"Fish, catfish, farm raised, raw",129.1124,100.0,0.0,0.0,7.796,-0.63365,65.96,0.0,0.0,0.0,0.0,0.0,0.0,0.0,0.0,0.0,0.0,0.0,1.94,0.0,20.63,0.00165,0.0,0.0,0.0,0.0,166.2,292.3,16.46875,0.0,9.281,60.51,0.0,0.0,0.0,0.0,7.308,0.0,2.266,0.0,0.0,0.0,0.0,0.0,0.0,0.0,0.4749
2684446,"Crustaceans, crab, blue swimming, lump, pasteurized, refrigerated",80.9935,100.0,0.0,0.0,110.9,-0.2185,113.5,0.0,0.0,1.088,0.0,0.0,0.0,0.0,0.0,0.0,0.0,0.0,44.48,0.6319,43.08,0.1478,0.0,0.0,0.0,0.0,278.5,234.8,18.65,0.0,45.79,331.3,0.0,0.0,0.0,0.0,0.8075,0.0,3.116,0.0,0.0,0.0,0.0,0.0,0.0,0.0,3.478
2685568,"Squash, summer, green, zucchini, includes skin, raw",0.0,100.0,0.0,0.0,20.85,0.0,0.0,0.0,0.0,0.06384,0.0,0.0,0.0,0.0,0.0,0.0,0.7525,0.0,0.0,0.1945,15.29,0.1489,0.0,0.0,0.0,0.0,32.9,225.8,0.984375,0.0,0.0,0.0,0.0,0.0,0.0,0.0,0.205,0.0,0.0,0.0,0.0,0.0,0.0,0.0,0.0,0.0,0.2605
2685569,"Squash, summer, yellow, includes skin, raw",0.0,100.0,0.0,0.0,22.69,0.0,0.0,0.0,0.0,0.06078,0.0,0.0,0.0,0.0,0.0,0.0,0.9563,0.0,0.0,0.1369,16.84,0.2398,0.0,0.0,0.0,0.0,30.74,220.5,0.890625,0.0,0.0,0.0,0.0,0.0,0.0,0.0,0.135,0.0,0.0,0.0,0.0,0.0,0.0,0.0,0.0,0.0,0.203
2685570,"Squash, winter, butternut, raw",48.1323,100.0,0.0,0.0,21.74,10.50745,0.0,0.0,0.0,0.0733,0.0,0.0,0.0,0.0,0.0,0.0,1.959,0.0,0.0,0.2129,14.95,0.07538,0.0,0.0,0.0,0.0,26.53,329.1,1.14875,0.0,0.0,0.0,0.0,0.0,0.0,0.0,0.1675,0.0,0.0,0.0,0.0,0.0,0.0,0.0,0.0,0.0,0.193
2685571,"Squash, winter, acorn, raw",48.5625,100.0,0.0,0.0,24.82,10.48,0.0,0.0,0.0,0.08685,0.0,0.0,0.0,0.0,0.0,0.0,2.635,0.0,0.0,0.3078,23.75,0.1871,0.0,0.0,0.0,0.0,42.04,332.1,1.25,0.0,0.0,0.0,0.0,0.0,0.0,0.0,0.1825,0.0,0.0,0.0,0.0,0.0,0.0,0.0,0.0,0.0,0.2935
2685572,"Cabbage, bok choy, raw",20.259,100.0,0.0,0.0,61.93,3.51495,0.0,0.0,0.0,0.02758,0.0,0.0,0.0,0.0,0.0,0.0,1.259,0.0,0.0,0.4388,13.64,0.1962,0.0,0.0,0.0,0.0,30.51,227.8,1.02375,0.0,0.0,14.27,0.0,0.0,0.0,0.0,0.2338,0.0,0.0,0.0,0.0,0.0,0.0,0.0,0.0,0.0,0.2738
2685573,"Cauliflower, raw",27.5923,100.0,0.0,0.0,20.35,4.723075,0.0,0.0,0.0,0.02423,0.0,0.0,0.0,0.0,0.0,0.0,1.948,0.0,0.0,0.3338,14.2,0.141,0.0,0.0,0.0,0.0,39.69,274.4,1.640625,0.0,0.0,20.0,0.0,0.0,0.0,0.0,0.2375,0.0,0.0,0.0,0.0,0.0,0.0,0.0,0.0,0.0,0.2344
2685574,"Collards, raw",46.894,100.0,0.0,0.0,276.4,7.02225,0.0,0.0,0.0,0.1112,0.0,0.0,0.0,0.0,0.0,0.0,3.816,0.0,0.0,0.7505,49.51,0.8716,0.0,0.0,0.0,0.0,45.01,409.8,2.96875,0.0,0.0,18.41,0.0,0.0,0.0,0.0,0.77,0.0,0.0,0.0,0.0,0.0,0.0,0.0,0.0,0.0,0.4594
2685575,"Brussels sprouts, raw",59.485,100.0,0.0,0.0,38.64,9.615625,0.0,0.0,0.0,0.03843,0.0,0.0,0.0,0.0,0.0,0.0,4.785,0.0,0.0,0.7305,25.0,0.24,0.0,0.0,0.0,0.0,78.54,476.8,3.984375,0.0,0.0,25.74,0.0,0.0,0.0,0.0,0.565,0.0,0.0,0.0,0.0,0.0,0.0,0.0,0.0,0.0,0.3663
2685576,"Beets, raw",44.6205,100.0,0.0,0.0,13.82,8.787,0.0,0.0,0.0,0.1606,0.0,0.0,0.0,0.0,0.0,0.0,3.119,0.0,0.0,0.4281,21.01,0.2571,0.0,0.0,0.0,0.0,33.65,341.5,1.6875,0.0,0.0,111.6,0.0,5.1015,0.0,0.0,0.3025,0.0,0.0,0.0,0.0,0.0,0.0,0.0,0.0,0.0,0.3104
2685577,"Eggplant, raw",26.0848,100.0,0.0,0.0,11.06,5.399325,0.0,0.0,0.0,0.06078,0.0,0.0,0.0,0.0,0.0,0.0,2.448,0.0,0.0,0.0,13.54,0.1065,0.0,0.0,0.0,0.0,22.75,222.1,0.851875,0.0,0.0,0.4425,0.0,2.354,0.0,0.0,0.12,0.0,0.0,0.0,0.0,0.0,0.0,0.0,0.0,0.0,0.1189
2685578,"Tomatoes, whole, canned, solids and liquids, with salt added",22.4763,100.0,0.0,0.0,19.83,4.2874,0.0,0.0,0.0,0.05938,0.0,0.0,0.0,0.0,0.0,0.0,0.8725,0.0,0.0,0.9291,10.75,0.07515,0.0,0.0,0.0,0.0,17.31,202.9,0.8675,0.0,0.0,111.5,0.0,2.613,0.0,0.0,0.2063,0.0,0.0,0.0,0.0,0.0,0.0,0.0,0.0,0.0,0.1198
2685579,"Tomato, sauce, canned, with salt added",34.1765,100.0,0.0,0.0,17.1,6.331625,0.0,0.0,0.0,0.08933,0.0,0.0,0.0,0.0,0.0,0.0,1.636,0.0,0.0,1.107,18.73,0.1314,0.0,0.0,0.0,0.0,29.2,355.5,1.351875,0.0,0.0,416.9,0.0,3.517,0.0,0.0,0.3825,0.0,0.0,0.0,0.0,0.0,0.0,0.0,0.0,0.0,0.183
2685580,"Tomato, paste, canned, without salt added",104.2825,100.0,0.0,0.0,36.85,20.188125,0.0,0.0,0.0,0.295,0.0,0.0,0.0,0.0,0.0,0.0,4.704,0.0,0.0,3.185,49.61,0.3315,0.0,0.0,0.0,0.0,91.16,971.6,4.234375,0.0,0.0,61.15,0.0,11.693,0.0,0.0,0.7325,0.0,0.0,0.0,0.0,0.0,0.0,0.0,0.0,0.0,0.5113
2685581,"Tomatoes, crushed, canned",37.8755,100.0,0.0,0.0,19.2,7.137,0.0,0.0,0.0,0.1043,0.0,0.0,0.0,0.0,0.0,0.0,1.944,0.0,0.0,2.268,18.64,0.1529,0.0,0.0,0.0,0.0,32.91,345.6,1.4375,0.0,0.0,139.8,0.0,3.744,0.0,0.0,0.3975,0.0,0.0,0.0,0.0,0.0,0.0,0.0,0.0,0.0,0.2014
2685582,"Tomato, puree, canned",40.845,100.0,0.0,0.0,17.64,8.036875,0.0,0.0,0.0,0.1227,0.0,0.0,0.0,0.0,0.0,0.0,1.971,0.0,0.0,1.237,19.33,0.1396,0.0,0.0,0.0,0.0,34.14,416.4,1.578125,0.0,0.0,29.36,0.0,4.313,0.0,0.0,0.265,0.0,0.0,0.0,0.0,0.0,0.0,0.0,0.0,0.0,0.2084
